-- phpMyAdmin SQL Dump
-- version 4.5.2
-- http://www.phpmyadmin.net
--
-- Host: 127.0.0.1
-- Generation Time: Mar 01, 2017 at 05:31 PM
-- Server version: 5.7.9
-- PHP Version: 5.6.16

SET SQL_MODE = "NO_AUTO_VALUE_ON_ZERO";
SET time_zone = "+00:00";


/*!40101 SET @OLD_CHARACTER_SET_CLIENT=@@CHARACTER_SET_CLIENT */;
/*!40101 SET @OLD_CHARACTER_SET_RESULTS=@@CHARACTER_SET_RESULTS */;
/*!40101 SET @OLD_COLLATION_CONNECTION=@@COLLATION_CONNECTION */;
/*!40101 SET NAMES utf8mb4 */;

--
-- Database: `utility_db`
--

-- --------------------------------------------------------

--
-- Table structure for table `accounts`
--

DROP TABLE IF EXISTS `accounts`;
CREATE TABLE IF NOT EXISTS `accounts` (
  `id` int(11) NOT NULL AUTO_INCREMENT,
  `account_number` int(11) DEFAULT NULL,
  `meter_number` int(11) DEFAULT NULL,
  `owner` varchar(200) DEFAULT NULL,
  `service_address` varchar(200) DEFAULT NULL,
  `last_reading` int(11) DEFAULT NULL,
  `last_reading_date` bigint(14) DEFAULT NULL,
  `status` int(1) DEFAULT NULL,
  `created_at` datetime DEFAULT NULL,
  `updated_at` datetime DEFAULT NULL,
  PRIMARY KEY (`id`)
) ENGINE=MyISAM AUTO_INCREMENT=3 DEFAULT CHARSET=latin1;

--
-- Dumping data for table `accounts`
--

INSERT INTO `accounts` (`id`, `account_number`, `meter_number`, `owner`, `service_address`, `last_reading`, `last_reading_date`, `status`, `created_at`, `updated_at`) VALUES
(1, 123, 456, '	Mohamed Anil, A062588, Ma. Kashima, Maafai Thakurufaanu Magu, 7783031', 'Ma. Kashima, Maafai Thakurufaanu Magu', 300000, 1483210800000, 1, NULL, NULL),
(2, 106, 111, '	Ismail Rasheed, A062588, Ma. Kashima, Maafai Thakurufaanu Magu, 7783031', 'Ma. Kashima, Maafai Thakurufaanu Magu', 400000, 1483210800000, 1, NULL, '2017-03-01 16:56:53');

-- --------------------------------------------------------

--
-- Table structure for table `migrations`
--

DROP TABLE IF EXISTS `migrations`;
CREATE TABLE IF NOT EXISTS `migrations` (
  `migration` varchar(255) COLLATE utf8_unicode_ci NOT NULL,
  `batch` int(11) NOT NULL
) ENGINE=MyISAM DEFAULT CHARSET=utf8 COLLATE=utf8_unicode_ci;

--
-- Dumping data for table `migrations`
--

INSERT INTO `migrations` (`migration`, `batch`) VALUES
('2014_10_12_000000_create_users_table', 1),
('2014_10_12_100000_create_password_resets_table', 1),
('2016_06_24_111426_create_roles_permissions_tables', 2),
('2016_06_24_114743_create_roles_permissions_tables', 3),
('2016_07_21_123358_create_sessions_table', 4);

-- --------------------------------------------------------

--
-- Table structure for table `password_resets`
--

DROP TABLE IF EXISTS `password_resets`;
CREATE TABLE IF NOT EXISTS `password_resets` (
  `email` varchar(255) COLLATE utf8_unicode_ci NOT NULL,
  `token` varchar(255) COLLATE utf8_unicode_ci NOT NULL,
  `created_at` timestamp NOT NULL DEFAULT CURRENT_TIMESTAMP ON UPDATE CURRENT_TIMESTAMP,
  KEY `password_resets_email_index` (`email`),
  KEY `password_resets_token_index` (`token`)
) ENGINE=MyISAM DEFAULT CHARSET=utf8 COLLATE=utf8_unicode_ci;

-- --------------------------------------------------------

--
-- Table structure for table `permissions`
--

DROP TABLE IF EXISTS `permissions`;
CREATE TABLE IF NOT EXISTS `permissions` (
  `id` int(10) UNSIGNED NOT NULL AUTO_INCREMENT,
  `name` varchar(255) COLLATE utf8_unicode_ci NOT NULL,
  `description` varchar(255) COLLATE utf8_unicode_ci DEFAULT NULL,
  `created_at` timestamp NULL DEFAULT NULL,
  `updated_at` timestamp NULL DEFAULT NULL,
  PRIMARY KEY (`id`)
) ENGINE=MyISAM AUTO_INCREMENT=453 DEFAULT CHARSET=utf8 COLLATE=utf8_unicode_ci;

--
-- Dumping data for table `permissions`
--

INSERT INTO `permissions` (`id`, `name`, `description`, `created_at`, `updated_at`) VALUES
(1, 'super_admin', 'Has all the rights to the application', NULL, NULL),
(39, 'users_admin', 'Default permission for the users managers', '2016-07-31 14:55:24', '2017-02-13 04:45:32'),
(40, 'permissions_admin', 'Can manage permissions', '2016-07-31 15:14:38', '2016-07-31 15:14:38'),
(37, 'admin', 'This is the administrator permission for the application', '2016-07-31 14:50:42', '2016-07-31 14:50:42'),
(38, 'roles_admin', 'Can manage roles', '2016-07-31 14:55:01', '2016-07-31 15:14:56'),
(452, 'configuration_admin', 'Administrator for Configuration', '2017-02-26 02:04:19', '2017-02-26 02:04:19');

-- --------------------------------------------------------

--
-- Table structure for table `permission_role`
--

DROP TABLE IF EXISTS `permission_role`;
CREATE TABLE IF NOT EXISTS `permission_role` (
  `role_id` int(10) UNSIGNED NOT NULL,
  `permission_id` int(10) UNSIGNED NOT NULL,
  `created_at` datetime DEFAULT NULL,
  `updated_at` datetime DEFAULT NULL,
  PRIMARY KEY (`role_id`,`permission_id`),
  KEY `permission_role_permission_id_foreign` (`permission_id`)
) ENGINE=MyISAM DEFAULT CHARSET=utf8 COLLATE=utf8_unicode_ci;

--
-- Dumping data for table `permission_role`
--

INSERT INTO `permission_role` (`role_id`, `permission_id`, `created_at`, `updated_at`) VALUES
(33, 38, '2016-07-31 14:55:43', '2016-07-31 14:55:43'),
(1, 37, '2017-02-13 06:24:51', '2017-02-13 06:24:51'),
(1, 1, NULL, NULL),
(2, 37, '2016-07-31 14:50:57', '2016-07-31 14:50:57'),
(33, 40, '2016-07-31 15:15:14', '2016-07-31 15:15:14'),
(34, 39, '2016-07-31 14:56:46', '2016-07-31 14:56:46'),
(1, 38, NULL, NULL),
(1, 39, NULL, NULL),
(1, 40, NULL, NULL),
(35, 452, '2017-02-26 07:04:28', '2017-02-26 07:04:28'),
(1, 452, '2017-02-26 07:04:36', '2017-02-26 07:04:36');

-- --------------------------------------------------------

--
-- Table structure for table `readings`
--

DROP TABLE IF EXISTS `readings`;
CREATE TABLE IF NOT EXISTS `readings` (
  `id` int(11) NOT NULL AUTO_INCREMENT,
  `type` int(11) DEFAULT NULL,
  `account` int(11) DEFAULT NULL,
  `date` bigint(14) DEFAULT NULL,
  `reading` int(11) DEFAULT NULL,
  `created_at` datetime DEFAULT NULL,
  `updated_at` datetime DEFAULT NULL,
  PRIMARY KEY (`id`)
) ENGINE=InnoDB AUTO_INCREMENT=535 DEFAULT CHARSET=latin1;

--
-- Dumping data for table `readings`
--

INSERT INTO `readings` (`id`, `type`, `account`, `date`, `reading`, `created_at`, `updated_at`) VALUES
(1, 1, 1, 1498676400000, 750, '2017-03-01 15:10:31', '2017-03-01 15:10:31'),
(2, 1, 1, 1498762800000, 350, '2017-03-01 15:10:34', '2017-03-01 15:10:34'),
(3, 1, 1, 1498849200000, 550, '2017-03-01 15:10:34', '2017-03-01 15:10:34'),
(4, 1, 1, 1498935600000, 815, '2017-03-01 15:10:35', '2017-03-01 15:10:35'),
(5, 1, 1, 1499022000000, 680, '2017-03-01 15:10:37', '2017-03-01 15:10:37'),
(6, 1, 1, 1499108400000, 612, '2017-03-01 15:10:37', '2017-03-01 15:10:37'),
(7, 1, 1, 1499194800000, 815, '2017-03-01 15:10:38', '2017-03-01 15:10:38'),
(8, 1, 1, 1499367600000, 500, '2017-03-01 15:10:39', '2017-03-01 15:10:39'),
(9, 1, 1, 1499281200000, 660, '2017-03-01 15:10:39', '2017-03-01 15:10:39'),
(10, 1, 1, 1499454000000, 680, '2017-03-01 15:10:40', '2017-03-01 15:10:40'),
(11, 1, 1, 1499540400000, 710, '2017-03-01 15:10:41', '2017-03-01 15:10:41'),
(12, 1, 1, 1499626800000, 220, '2017-03-01 15:10:44', '2017-03-01 15:10:44'),
(13, 1, 1, 1499713200000, 500, '2017-03-01 15:10:44', '2017-03-01 15:10:44'),
(14, 1, 1, 1499799600000, 460, '2017-03-01 15:10:45', '2017-03-01 15:10:45'),
(15, 1, 1, 1499886000000, 500, '2017-03-01 15:10:47', '2017-03-01 15:10:47'),
(16, 1, 1, 1499972400000, 815, '2017-03-01 15:10:47', '2017-03-01 15:10:47'),
(17, 1, 1, 1500058800000, 815, '2017-03-01 15:10:48', '2017-03-01 15:10:48'),
(18, 1, 1, 1500145200000, 350, '2017-03-01 15:10:50', '2017-03-01 15:10:50'),
(19, 1, 1, 1500231600000, 660, '2017-03-01 15:10:50', '2017-03-01 15:10:50'),
(20, 1, 1, 1500318000000, 750, '2017-03-01 15:10:51', '2017-03-01 15:10:51'),
(21, 1, 1, 1500404400000, 220, '2017-03-01 15:10:53', '2017-03-01 15:10:53'),
(22, 1, 1, 1500490800000, 680, '2017-03-01 15:10:53', '2017-03-01 15:10:53'),
(23, 1, 1, 1500577200000, 680, '2017-03-01 15:10:54', '2017-03-01 15:10:54'),
(24, 1, 1, 1500663600000, 750, '2017-03-01 15:10:56', '2017-03-01 15:10:56'),
(25, 1, 1, 1500750000000, 350, '2017-03-01 15:10:56', '2017-03-01 15:10:56'),
(26, 1, 1, 1500836400000, 720, '2017-03-01 15:10:56', '2017-03-01 15:10:56'),
(27, 1, 1, 1500922800000, 350, '2017-03-01 15:10:57', '2017-03-01 15:10:57'),
(28, 1, NULL, 1483297200000, 590, '2017-03-01 16:51:01', '2017-03-01 16:51:01'),
(29, 1, NULL, 1483383600000, 710, '2017-03-01 16:51:02', '2017-03-01 16:51:02'),
(30, 1, NULL, 1483470000000, 490, '2017-03-01 16:51:03', '2017-03-01 16:51:03'),
(31, 1, NULL, 1483556400000, 815, '2017-03-01 16:51:04', '2017-03-01 16:51:04'),
(32, 1, NULL, 1483297200000, 710, '2017-03-01 16:51:43', '2017-03-01 16:51:43'),
(33, 1, NULL, 1483383600000, 400, '2017-03-01 16:51:44', '2017-03-01 16:51:44'),
(34, 1, NULL, 1483470000000, 815, '2017-03-01 16:51:45', '2017-03-01 16:51:45'),
(35, 1, NULL, 1483556400000, 510, '2017-03-01 16:51:46', '2017-03-01 16:51:46'),
(36, 1, NULL, 1483642800000, 590, '2017-03-01 16:51:47', '2017-03-01 16:51:47'),
(37, 1, NULL, 1483729200000, 590, '2017-03-01 16:51:48', '2017-03-01 16:51:48'),
(38, 1, NULL, 1483815600000, 475, '2017-03-01 16:51:49', '2017-03-01 16:51:49'),
(39, 1, NULL, 1483902000000, 220, '2017-03-01 16:51:50', '2017-03-01 16:51:50'),
(40, 1, NULL, 1483988400000, 220, '2017-03-01 16:51:51', '2017-03-01 16:51:51'),
(41, 1, NULL, 1483297200000, 500, '2017-03-01 16:52:13', '2017-03-01 16:52:13'),
(42, 1, NULL, 1483383600000, 475, '2017-03-01 16:52:14', '2017-03-01 16:52:14'),
(43, 1, NULL, 1483470000000, 550, '2017-03-01 16:52:15', '2017-03-01 16:52:15'),
(44, 1, NULL, 1483556400000, 460, '2017-03-01 16:52:16', '2017-03-01 16:52:16'),
(45, 1, NULL, 1483642800000, 680, '2017-03-01 16:52:17', '2017-03-01 16:52:17'),
(46, 1, NULL, 1483297200000, 590, '2017-03-01 16:53:32', '2017-03-01 16:53:32'),
(47, 1, NULL, 1483383600000, 710, '2017-03-01 16:53:33', '2017-03-01 16:53:33'),
(48, 1, NULL, 1483470000000, 720, '2017-03-01 16:53:34', '2017-03-01 16:53:34'),
(49, 1, NULL, 1483556400000, 350, '2017-03-01 16:53:35', '2017-03-01 16:53:35'),
(50, 1, NULL, 1483642800000, 815, '2017-03-01 16:53:36', '2017-03-01 16:53:36'),
(51, 1, NULL, 1483729200000, 750, '2017-03-01 16:53:37', '2017-03-01 16:53:37'),
(52, 1, NULL, 1483815600000, 510, '2017-03-01 16:53:38', '2017-03-01 16:53:38'),
(53, 1, NULL, 1483902000000, 815, '2017-03-01 16:53:39', '2017-03-01 16:53:39'),
(54, 1, NULL, 1483988400000, 612, '2017-03-01 16:53:40', '2017-03-01 16:53:40'),
(55, 1, NULL, 1484074800000, 815, '2017-03-01 16:53:41', '2017-03-01 16:53:41'),
(56, 1, NULL, 1484161200000, 720, '2017-03-01 16:53:42', '2017-03-01 16:53:42'),
(57, 1, NULL, 1484247600000, 400, '2017-03-01 16:53:43', '2017-03-01 16:53:43'),
(58, 1, NULL, 1484334000000, 400, '2017-03-01 16:53:44', '2017-03-01 16:53:44'),
(59, 1, NULL, 1484420400000, 460, '2017-03-01 16:53:45', '2017-03-01 16:53:45'),
(60, 1, NULL, 1484506800000, 475, '2017-03-01 16:53:46', '2017-03-01 16:53:46'),
(61, 1, NULL, 1484593200000, 612, '2017-03-01 16:53:47', '2017-03-01 16:53:47'),
(62, 1, NULL, 1484679600000, 350, '2017-03-01 16:53:48', '2017-03-01 16:53:48'),
(63, 1, NULL, 1484766000000, 590, '2017-03-01 16:53:49', '2017-03-01 16:53:49'),
(64, 1, NULL, 1484852400000, 590, '2017-03-01 16:53:50', '2017-03-01 16:53:50'),
(65, 1, NULL, 1484938800000, 475, '2017-03-01 16:53:51', '2017-03-01 16:53:51'),
(66, 1, NULL, 1485025200000, 490, '2017-03-01 16:53:52', '2017-03-01 16:53:52'),
(67, 1, NULL, 1485111600000, 720, '2017-03-01 16:53:53', '2017-03-01 16:53:53'),
(68, 1, NULL, 1483297200000, 220, '2017-03-01 16:55:24', '2017-03-01 16:55:24'),
(69, 1, NULL, 1483383600000, 750, '2017-03-01 16:55:25', '2017-03-01 16:55:25'),
(70, 1, NULL, 1483470000000, 590, '2017-03-01 16:55:26', '2017-03-01 16:55:26'),
(71, 1, NULL, 1483556400000, 612, '2017-03-01 16:55:27', '2017-03-01 16:55:27'),
(72, 1, NULL, 1483642800000, 635, '2017-03-01 16:56:26', '2017-03-01 16:56:26'),
(73, 1, NULL, 1483729200000, 660, '2017-03-01 16:56:27', '2017-03-01 16:56:27'),
(74, 1, NULL, 1483815600000, 815, '2017-03-01 16:56:28', '2017-03-01 16:56:28'),
(75, 1, NULL, 1483902000000, 550, '2017-03-01 16:56:29', '2017-03-01 16:56:29'),
(76, 1, NULL, 1483988400000, 710, '2017-03-01 16:56:30', '2017-03-01 16:56:30'),
(77, 1, NULL, 1484074800000, 490, '2017-03-01 16:56:31', '2017-03-01 16:56:31'),
(78, 1, NULL, 1484161200000, 815, '2017-03-01 16:56:32', '2017-03-01 16:56:32'),
(79, 1, NULL, 1484247600000, 350, '2017-03-01 16:56:33', '2017-03-01 16:56:33'),
(80, 1, NULL, 1484334000000, 490, '2017-03-01 16:56:34', '2017-03-01 16:56:34'),
(81, 1, NULL, 1484420400000, 720, '2017-03-01 16:56:35', '2017-03-01 16:56:35'),
(82, 1, NULL, 1484506800000, 510, '2017-03-01 16:56:36', '2017-03-01 16:56:36'),
(83, 1, NULL, 1484593200000, 660, '2017-03-01 16:56:37', '2017-03-01 16:56:37'),
(84, 1, NULL, 1484679600000, 612, '2017-03-01 16:56:38', '2017-03-01 16:56:38'),
(85, 1, NULL, 1484766000000, 590, '2017-03-01 16:56:39', '2017-03-01 16:56:39'),
(86, 1, NULL, 1484852400000, 510, '2017-03-01 16:56:40', '2017-03-01 16:56:40'),
(87, 1, NULL, 1484938800000, 710, '2017-03-01 16:56:41', '2017-03-01 16:56:41'),
(88, 1, NULL, 1485025200000, 680, '2017-03-01 16:56:42', '2017-03-01 16:56:42'),
(89, 1, NULL, 1485111600000, 460, '2017-03-01 16:56:43', '2017-03-01 16:56:43'),
(90, 1, NULL, 1485198000000, 590, '2017-03-01 16:56:44', '2017-03-01 16:56:44'),
(91, 1, NULL, 1485284400000, 490, '2017-03-01 16:56:45', '2017-03-01 16:56:45'),
(92, 1, NULL, 1485370800000, 460, '2017-03-01 16:56:46', '2017-03-01 16:56:46'),
(93, 1, NULL, 1485457200000, 660, '2017-03-01 16:56:47', '2017-03-01 16:56:47'),
(94, 1, NULL, 1485543600000, 400, '2017-03-01 16:56:48', '2017-03-01 16:56:48'),
(95, 1, NULL, 1485630000000, 680, '2017-03-01 16:56:49', '2017-03-01 16:56:49'),
(96, 1, NULL, 1485716400000, 475, '2017-03-01 16:56:50', '2017-03-01 16:56:50'),
(97, 1, NULL, 1485802800000, 710, '2017-03-01 16:56:51', '2017-03-01 16:56:51'),
(98, 1, NULL, 1485889200000, 460, '2017-03-01 16:56:52', '2017-03-01 16:56:52'),
(99, 1, NULL, 1485975600000, 400, '2017-03-01 16:56:53', '2017-03-01 16:56:53'),
(100, 1, NULL, 1486062000000, 750, '2017-03-01 16:56:54', '2017-03-01 16:56:54'),
(101, 1, NULL, 1486148400000, 680, '2017-03-01 16:56:55', '2017-03-01 16:56:55'),
(102, 1, NULL, 1486234800000, 635, '2017-03-01 16:56:56', '2017-03-01 16:56:56'),
(103, 1, NULL, 1486321200000, 710, '2017-03-01 16:56:57', '2017-03-01 16:56:57'),
(104, 1, NULL, 1486407600000, 750, '2017-03-01 16:56:58', '2017-03-01 16:56:58'),
(105, 1, NULL, 1486494000000, 350, '2017-03-01 16:56:59', '2017-03-01 16:56:59'),
(106, 1, NULL, 1486580400000, 400, '2017-03-01 16:57:00', '2017-03-01 16:57:00'),
(107, 1, NULL, 1486666800000, 612, '2017-03-01 16:57:01', '2017-03-01 16:57:01'),
(108, 1, NULL, 1486753200000, 550, '2017-03-01 16:57:02', '2017-03-01 16:57:02'),
(109, 1, NULL, 1486839600000, 680, '2017-03-01 16:57:03', '2017-03-01 16:57:03'),
(110, 1, NULL, 1486926000000, 500, '2017-03-01 16:57:04', '2017-03-01 16:57:04'),
(111, 1, NULL, 1487012400000, 815, '2017-03-01 16:57:05', '2017-03-01 16:57:05'),
(112, 1, NULL, 1487098800000, 500, '2017-03-01 16:57:06', '2017-03-01 16:57:06'),
(113, 1, NULL, 1487185200000, 510, '2017-03-01 16:57:07', '2017-03-01 16:57:07'),
(114, 1, NULL, 1487271600000, 490, '2017-03-01 16:57:08', '2017-03-01 16:57:08'),
(115, 1, NULL, 1487358000000, 510, '2017-03-01 16:57:09', '2017-03-01 16:57:09'),
(116, 1, NULL, 1487444400000, 510, '2017-03-01 16:57:10', '2017-03-01 16:57:10'),
(117, 1, NULL, 1487530800000, 710, '2017-03-01 16:57:11', '2017-03-01 16:57:11'),
(118, 1, NULL, 1487617200000, 720, '2017-03-01 16:57:12', '2017-03-01 16:57:12'),
(119, 1, NULL, 1487703600000, 220, '2017-03-01 16:57:13', '2017-03-01 16:57:13'),
(120, 1, NULL, 1487790000000, 475, '2017-03-01 16:57:14', '2017-03-01 16:57:14'),
(121, 1, NULL, 1487876400000, 475, '2017-03-01 16:57:15', '2017-03-01 16:57:15'),
(122, 1, NULL, 1487962800000, 350, '2017-03-01 16:57:16', '2017-03-01 16:57:16'),
(123, 1, NULL, 1488049200000, 475, '2017-03-01 16:57:17', '2017-03-01 16:57:17'),
(124, 1, NULL, 1488135600000, 815, '2017-03-01 16:57:18', '2017-03-01 16:57:18'),
(125, 1, NULL, 1488222000000, 475, '2017-03-01 16:57:19', '2017-03-01 16:57:19'),
(126, 1, NULL, 1488308400000, 612, '2017-03-01 16:57:20', '2017-03-01 16:57:20'),
(127, 1, NULL, 1488394800000, 490, '2017-03-01 16:57:21', '2017-03-01 16:57:21'),
(128, 1, NULL, 1488481200000, 550, '2017-03-01 16:57:22', '2017-03-01 16:57:22'),
(129, 1, NULL, 1488567600000, 350, '2017-03-01 16:57:23', '2017-03-01 16:57:23'),
(130, 1, NULL, 1488654000000, 590, '2017-03-01 16:57:24', '2017-03-01 16:57:24'),
(131, 1, NULL, 1488740400000, 550, '2017-03-01 16:57:25', '2017-03-01 16:57:25'),
(132, 1, NULL, 1488826800000, 220, '2017-03-01 16:57:26', '2017-03-01 16:57:26'),
(133, 1, NULL, 1488913200000, 510, '2017-03-01 16:57:27', '2017-03-01 16:57:27'),
(134, 1, NULL, 1488999600000, 500, '2017-03-01 16:57:28', '2017-03-01 16:57:28'),
(135, 1, NULL, 1489086000000, 815, '2017-03-01 16:57:29', '2017-03-01 16:57:29'),
(136, 1, NULL, 1489172400000, 510, '2017-03-01 16:57:30', '2017-03-01 16:57:30'),
(137, 1, NULL, 1489258800000, 590, '2017-03-01 16:57:31', '2017-03-01 16:57:31'),
(138, 1, NULL, 1489345200000, 510, '2017-03-01 16:57:32', '2017-03-01 16:57:32'),
(139, 1, NULL, 1489431600000, 710, '2017-03-01 16:57:33', '2017-03-01 16:57:33'),
(140, 1, NULL, 1489518000000, 460, '2017-03-01 16:57:34', '2017-03-01 16:57:34'),
(141, 1, NULL, 1489604400000, 612, '2017-03-01 16:57:35', '2017-03-01 16:57:35'),
(142, 1, NULL, 1489690800000, 510, '2017-03-01 16:57:36', '2017-03-01 16:57:36'),
(143, 1, NULL, 1489777200000, 500, '2017-03-01 16:57:37', '2017-03-01 16:57:37'),
(144, 1, NULL, 1489863600000, 815, '2017-03-01 16:57:38', '2017-03-01 16:57:38'),
(145, 1, NULL, 1489950000000, 590, '2017-03-01 16:57:39', '2017-03-01 16:57:39'),
(146, 1, NULL, 1490036400000, 710, '2017-03-01 16:57:40', '2017-03-01 16:57:40'),
(147, 1, NULL, 1490122800000, 475, '2017-03-01 16:57:41', '2017-03-01 16:57:41'),
(148, 1, NULL, 1490209200000, 460, '2017-03-01 16:57:42', '2017-03-01 16:57:42'),
(149, 1, NULL, 1490295600000, 550, '2017-03-01 16:57:43', '2017-03-01 16:57:43'),
(150, 1, NULL, 1490382000000, 750, '2017-03-01 16:57:44', '2017-03-01 16:57:44'),
(151, 1, NULL, 1490468400000, 220, '2017-03-01 16:57:45', '2017-03-01 16:57:45'),
(152, 1, NULL, 1490554800000, 710, '2017-03-01 16:57:46', '2017-03-01 16:57:46'),
(153, 1, NULL, 1490641200000, 500, '2017-03-01 16:57:47', '2017-03-01 16:57:47'),
(154, 1, NULL, 1490727600000, 490, '2017-03-01 16:57:48', '2017-03-01 16:57:48'),
(155, 1, NULL, 1490814000000, 460, '2017-03-01 16:57:49', '2017-03-01 16:57:49'),
(156, 1, NULL, 1490900400000, 815, '2017-03-01 16:57:50', '2017-03-01 16:57:50'),
(157, 1, NULL, 1490986800000, 635, '2017-03-01 16:57:51', '2017-03-01 16:57:51'),
(158, 1, NULL, 1491073200000, 510, '2017-03-01 16:57:52', '2017-03-01 16:57:52'),
(159, 1, NULL, 1491159600000, 460, '2017-03-01 16:57:53', '2017-03-01 16:57:53'),
(160, 1, NULL, 1491246000000, 750, '2017-03-01 16:57:54', '2017-03-01 16:57:54'),
(161, 1, NULL, 1491332400000, 710, '2017-03-01 16:57:55', '2017-03-01 16:57:55'),
(162, 1, NULL, 1491418800000, 680, '2017-03-01 16:57:56', '2017-03-01 16:57:56'),
(163, 1, NULL, 1491505200000, 475, '2017-03-01 16:57:57', '2017-03-01 16:57:57'),
(164, 1, NULL, 1491591600000, 635, '2017-03-01 16:57:58', '2017-03-01 16:57:58'),
(165, 1, NULL, 1491678000000, 350, '2017-03-01 16:57:59', '2017-03-01 16:57:59'),
(166, 1, NULL, 1491764400000, 550, '2017-03-01 16:58:00', '2017-03-01 16:58:00'),
(167, 1, NULL, 1491850800000, 220, '2017-03-01 16:58:01', '2017-03-01 16:58:01'),
(168, 1, NULL, 1491937200000, 660, '2017-03-01 16:58:02', '2017-03-01 16:58:02'),
(169, 1, NULL, 1492023600000, 612, '2017-03-01 16:58:03', '2017-03-01 16:58:03'),
(170, 1, NULL, 1492110000000, 220, '2017-03-01 16:58:04', '2017-03-01 16:58:04'),
(171, 1, NULL, 1492196400000, 510, '2017-03-01 16:58:05', '2017-03-01 16:58:05'),
(172, 1, NULL, 1492282800000, 710, '2017-03-01 16:58:06', '2017-03-01 16:58:06'),
(173, 1, NULL, 1492369200000, 510, '2017-03-01 16:58:07', '2017-03-01 16:58:07'),
(174, 1, NULL, 1492455600000, 490, '2017-03-01 16:58:08', '2017-03-01 16:58:08'),
(175, 1, NULL, 1492542000000, 590, '2017-03-01 16:58:09', '2017-03-01 16:58:09'),
(176, 1, NULL, 1492628400000, 720, '2017-03-01 16:58:10', '2017-03-01 16:58:10'),
(177, 1, NULL, 1492714800000, 750, '2017-03-01 16:58:11', '2017-03-01 16:58:11'),
(178, 1, NULL, 1492801200000, 460, '2017-03-01 16:58:12', '2017-03-01 16:58:12'),
(179, 1, NULL, 1492887600000, 660, '2017-03-01 16:58:13', '2017-03-01 16:58:13'),
(180, 1, NULL, 1492974000000, 400, '2017-03-01 16:58:14', '2017-03-01 16:58:14'),
(181, 1, NULL, 1493060400000, 460, '2017-03-01 16:58:15', '2017-03-01 16:58:15'),
(182, 1, NULL, 1493146800000, 750, '2017-03-01 16:58:16', '2017-03-01 16:58:16'),
(183, 1, NULL, 1493233200000, 590, '2017-03-01 16:58:17', '2017-03-01 16:58:17'),
(184, 1, NULL, 1493319600000, 220, '2017-03-01 16:58:18', '2017-03-01 16:58:18'),
(185, 1, NULL, 1493406000000, 635, '2017-03-01 16:58:19', '2017-03-01 16:58:19'),
(186, 1, NULL, 1493492400000, 550, '2017-03-01 16:58:20', '2017-03-01 16:58:20'),
(187, 1, NULL, 1493578800000, 590, '2017-03-01 16:58:21', '2017-03-01 16:58:21'),
(188, 1, NULL, 1493665200000, 750, '2017-03-01 16:58:22', '2017-03-01 16:58:22'),
(189, 1, NULL, 1493751600000, 350, '2017-03-01 16:58:23', '2017-03-01 16:58:23'),
(190, 1, NULL, 1493838000000, 510, '2017-03-01 16:58:24', '2017-03-01 16:58:24'),
(191, 1, NULL, 1493924400000, 475, '2017-03-01 16:58:25', '2017-03-01 16:58:25'),
(192, 1, NULL, 1494010800000, 460, '2017-03-01 16:58:26', '2017-03-01 16:58:26'),
(193, 1, NULL, 1494097200000, 815, '2017-03-01 16:58:27', '2017-03-01 16:58:27'),
(194, 1, NULL, 1494183600000, 710, '2017-03-01 16:58:28', '2017-03-01 16:58:28'),
(195, 1, NULL, 1494270000000, 750, '2017-03-01 16:58:29', '2017-03-01 16:58:29'),
(196, 1, NULL, 1494356400000, 635, '2017-03-01 16:58:30', '2017-03-01 16:58:30'),
(197, 1, NULL, 1494442800000, 460, '2017-03-01 16:58:31', '2017-03-01 16:58:31'),
(198, 1, NULL, 1494529200000, 612, '2017-03-01 16:58:32', '2017-03-01 16:58:32'),
(199, 1, NULL, 1494615600000, 500, '2017-03-01 16:58:33', '2017-03-01 16:58:33'),
(200, 1, NULL, 1494702000000, 350, '2017-03-01 16:58:34', '2017-03-01 16:58:34'),
(201, 1, NULL, 1494788400000, 510, '2017-03-01 16:58:35', '2017-03-01 16:58:35'),
(202, 1, NULL, 1494874800000, 475, '2017-03-01 16:58:36', '2017-03-01 16:58:36'),
(203, 1, NULL, 1494961200000, 660, '2017-03-01 16:58:37', '2017-03-01 16:58:37'),
(204, 1, NULL, 1495047600000, 460, '2017-03-01 16:58:38', '2017-03-01 16:58:38'),
(205, 1, NULL, 1495134000000, 460, '2017-03-01 16:58:39', '2017-03-01 16:58:39'),
(206, 1, NULL, 1495220400000, 720, '2017-03-01 16:58:40', '2017-03-01 16:58:40'),
(207, 1, NULL, 1495306800000, 590, '2017-03-01 16:58:41', '2017-03-01 16:58:41'),
(208, 1, NULL, 1495393200000, 400, '2017-03-01 16:58:42', '2017-03-01 16:58:42'),
(209, 1, NULL, 1495479600000, 612, '2017-03-01 16:58:43', '2017-03-01 16:58:43'),
(210, 1, NULL, 1495566000000, 510, '2017-03-01 16:58:44', '2017-03-01 16:58:44'),
(211, 1, NULL, 1495652400000, 490, '2017-03-01 16:58:45', '2017-03-01 16:58:45'),
(212, 1, NULL, 1495738800000, 710, '2017-03-01 16:58:46', '2017-03-01 16:58:46'),
(213, 1, NULL, 1495825200000, 635, '2017-03-01 16:58:47', '2017-03-01 16:58:47'),
(214, 1, NULL, 1495911600000, 720, '2017-03-01 16:58:48', '2017-03-01 16:58:48'),
(215, 1, NULL, 1495998000000, 220, '2017-03-01 16:58:49', '2017-03-01 16:58:49'),
(216, 1, NULL, 1496084400000, 220, '2017-03-01 16:58:50', '2017-03-01 16:58:50'),
(217, 1, NULL, 1496170800000, 550, '2017-03-01 16:58:51', '2017-03-01 16:58:51'),
(218, 1, NULL, 1496257200000, 460, '2017-03-01 16:58:52', '2017-03-01 16:58:52'),
(219, 1, NULL, 1496343600000, 350, '2017-03-01 16:58:53', '2017-03-01 16:58:53'),
(220, 1, NULL, 1496430000000, 680, '2017-03-01 16:58:54', '2017-03-01 16:58:54'),
(221, 1, NULL, 1496516400000, 350, '2017-03-01 16:58:55', '2017-03-01 16:58:55'),
(222, 1, NULL, 1496602800000, 490, '2017-03-01 16:58:56', '2017-03-01 16:58:56'),
(223, 1, NULL, 1496689200000, 750, '2017-03-01 16:58:57', '2017-03-01 16:58:57'),
(224, 1, NULL, 1496775600000, 460, '2017-03-01 16:58:58', '2017-03-01 16:58:58'),
(225, 1, NULL, 1496862000000, 550, '2017-03-01 16:58:59', '2017-03-01 16:58:59'),
(226, 1, NULL, 1496948400000, 550, '2017-03-01 16:59:00', '2017-03-01 16:59:00'),
(227, 1, NULL, 1497034800000, 750, '2017-03-01 16:59:01', '2017-03-01 16:59:01'),
(228, 1, NULL, 1497121200000, 590, '2017-03-01 16:59:02', '2017-03-01 16:59:02'),
(229, 1, NULL, 1497207600000, 490, '2017-03-01 16:59:03', '2017-03-01 16:59:03'),
(230, 1, NULL, 1497294000000, 475, '2017-03-01 16:59:04', '2017-03-01 16:59:04'),
(231, 1, NULL, 1497380400000, 635, '2017-03-01 16:59:05', '2017-03-01 16:59:05'),
(232, 1, NULL, 1497466800000, 680, '2017-03-01 16:59:06', '2017-03-01 16:59:06'),
(233, 1, NULL, 1497553200000, 710, '2017-03-01 16:59:07', '2017-03-01 16:59:07'),
(234, 1, NULL, 1497639600000, 680, '2017-03-01 16:59:08', '2017-03-01 16:59:08'),
(235, 1, NULL, 1497726000000, 680, '2017-03-01 16:59:09', '2017-03-01 16:59:09'),
(236, 1, NULL, 1497812400000, 500, '2017-03-01 16:59:10', '2017-03-01 16:59:10'),
(237, 1, NULL, 1497898800000, 660, '2017-03-01 16:59:11', '2017-03-01 16:59:11'),
(238, 1, NULL, 1497985200000, 350, '2017-03-01 16:59:12', '2017-03-01 16:59:12'),
(239, 1, NULL, 1498071600000, 710, '2017-03-01 16:59:13', '2017-03-01 16:59:13'),
(240, 1, NULL, 1498158000000, 612, '2017-03-01 16:59:14', '2017-03-01 16:59:14'),
(241, 1, NULL, 1498244400000, 490, '2017-03-01 16:59:15', '2017-03-01 16:59:15'),
(242, 1, NULL, 1498330800000, 550, '2017-03-01 16:59:16', '2017-03-01 16:59:16'),
(243, 1, NULL, 1498417200000, 475, '2017-03-01 16:59:17', '2017-03-01 16:59:17'),
(244, 1, NULL, 1498503600000, 635, '2017-03-01 16:59:18', '2017-03-01 16:59:18'),
(245, 1, NULL, 1498590000000, 460, '2017-03-01 16:59:19', '2017-03-01 16:59:19'),
(246, 1, NULL, 1498676400000, 815, '2017-03-01 16:59:20', '2017-03-01 16:59:20'),
(247, 1, NULL, 1498762800000, 815, '2017-03-01 16:59:21', '2017-03-01 16:59:21'),
(248, 1, NULL, 1498849200000, 710, '2017-03-01 16:59:22', '2017-03-01 16:59:22'),
(249, 1, NULL, 1498935600000, 510, '2017-03-01 16:59:23', '2017-03-01 16:59:23'),
(250, 1, NULL, 1499022000000, 400, '2017-03-01 16:59:24', '2017-03-01 16:59:24'),
(251, 1, NULL, 1499108400000, 460, '2017-03-01 16:59:25', '2017-03-01 16:59:25'),
(252, 1, NULL, 1499194800000, 490, '2017-03-01 16:59:26', '2017-03-01 16:59:26'),
(253, 1, NULL, 1499281200000, 710, '2017-03-01 16:59:27', '2017-03-01 16:59:27'),
(254, 1, NULL, 1499367600000, 710, '2017-03-01 16:59:28', '2017-03-01 16:59:28'),
(255, 1, NULL, 1499454000000, 710, '2017-03-01 16:59:29', '2017-03-01 16:59:29'),
(256, 1, NULL, 1499540400000, 635, '2017-03-01 16:59:30', '2017-03-01 16:59:30'),
(257, 1, NULL, 1499626800000, 635, '2017-03-01 16:59:31', '2017-03-01 16:59:31'),
(258, 1, NULL, 1499713200000, 635, '2017-03-01 16:59:32', '2017-03-01 16:59:32'),
(259, 1, NULL, 1499799600000, 460, '2017-03-01 16:59:33', '2017-03-01 16:59:33'),
(260, 1, NULL, 1499886000000, 710, '2017-03-01 16:59:34', '2017-03-01 16:59:34'),
(261, 1, NULL, 1499972400000, 815, '2017-03-01 16:59:35', '2017-03-01 16:59:35'),
(262, 1, NULL, 1500058800000, 220, '2017-03-01 16:59:36', '2017-03-01 16:59:36'),
(263, 1, NULL, 1500145200000, 510, '2017-03-01 16:59:37', '2017-03-01 16:59:37'),
(264, 1, NULL, 1500231600000, 660, '2017-03-01 16:59:38', '2017-03-01 16:59:38'),
(265, 1, NULL, 1500318000000, 590, '2017-03-01 16:59:39', '2017-03-01 16:59:39'),
(266, 1, NULL, 1500404400000, 680, '2017-03-01 16:59:40', '2017-03-01 16:59:40'),
(267, 1, NULL, 1500490800000, 220, '2017-03-01 16:59:41', '2017-03-01 16:59:41'),
(268, 1, NULL, 1500577200000, 680, '2017-03-01 16:59:42', '2017-03-01 16:59:42'),
(269, 1, NULL, 1500663600000, 510, '2017-03-01 16:59:43', '2017-03-01 16:59:43'),
(270, 1, NULL, 1500750000000, 550, '2017-03-01 16:59:44', '2017-03-01 16:59:44'),
(271, 1, NULL, 1500836400000, 815, '2017-03-01 16:59:45', '2017-03-01 16:59:45'),
(272, 1, NULL, 1500922800000, 500, '2017-03-01 16:59:46', '2017-03-01 16:59:46'),
(273, 1, NULL, 1501009200000, 720, '2017-03-01 16:59:47', '2017-03-01 16:59:47'),
(274, 1, NULL, 1501095600000, 680, '2017-03-01 16:59:48', '2017-03-01 16:59:48'),
(275, 1, NULL, 1501182000000, 815, '2017-03-01 16:59:49', '2017-03-01 16:59:49'),
(276, 1, NULL, 1501268400000, 350, '2017-03-01 16:59:50', '2017-03-01 16:59:50'),
(277, 1, NULL, 1501354800000, 510, '2017-03-01 16:59:51', '2017-03-01 16:59:51'),
(278, 1, NULL, 1501441200000, 680, '2017-03-01 16:59:52', '2017-03-01 16:59:52'),
(279, 1, NULL, 1501527600000, 510, '2017-03-01 16:59:53', '2017-03-01 16:59:53'),
(280, 1, NULL, 1501614000000, 510, '2017-03-01 16:59:54', '2017-03-01 16:59:54'),
(281, 1, NULL, 1501700400000, 680, '2017-03-01 16:59:55', '2017-03-01 16:59:55'),
(282, 1, NULL, 1501786800000, 660, '2017-03-01 16:59:56', '2017-03-01 16:59:56'),
(283, 1, NULL, 1501873200000, 635, '2017-03-01 16:59:57', '2017-03-01 16:59:57'),
(284, 1, NULL, 1501959600000, 500, '2017-03-01 16:59:58', '2017-03-01 16:59:58'),
(285, 1, NULL, 1502046000000, 660, '2017-03-01 16:59:59', '2017-03-01 16:59:59'),
(286, 1, NULL, 1502132400000, 490, '2017-03-01 17:00:00', '2017-03-01 17:00:00'),
(287, 1, NULL, 1502218800000, 710, '2017-03-01 17:00:01', '2017-03-01 17:00:01'),
(288, 1, NULL, 1502305200000, 590, '2017-03-01 17:00:02', '2017-03-01 17:00:02'),
(289, 1, NULL, 1502391600000, 750, '2017-03-01 17:00:03', '2017-03-01 17:00:03'),
(290, 1, NULL, 1502478000000, 660, '2017-03-01 17:00:04', '2017-03-01 17:00:04'),
(291, 1, NULL, 1502564400000, 220, '2017-03-01 17:00:05', '2017-03-01 17:00:05'),
(292, 1, NULL, 1502650800000, 710, '2017-03-01 17:00:06', '2017-03-01 17:00:06'),
(293, 1, NULL, 1502737200000, 815, '2017-03-01 17:00:07', '2017-03-01 17:00:07'),
(294, 1, NULL, 1502823600000, 510, '2017-03-01 17:00:08', '2017-03-01 17:00:08'),
(295, 1, NULL, 1502910000000, 612, '2017-03-01 17:00:09', '2017-03-01 17:00:09'),
(296, 1, NULL, 1502996400000, 720, '2017-03-01 17:00:10', '2017-03-01 17:00:10'),
(297, 1, NULL, 1503082800000, 475, '2017-03-01 17:00:11', '2017-03-01 17:00:11'),
(298, 1, NULL, 1503169200000, 660, '2017-03-01 17:00:12', '2017-03-01 17:00:12'),
(299, 1, NULL, 1503255600000, 815, '2017-03-01 17:00:13', '2017-03-01 17:00:13'),
(300, 1, NULL, 1503342000000, 550, '2017-03-01 17:00:14', '2017-03-01 17:00:14'),
(301, 1, NULL, 1503428400000, 815, '2017-03-01 17:00:15', '2017-03-01 17:00:15'),
(302, 1, NULL, 1503514800000, 590, '2017-03-01 17:00:16', '2017-03-01 17:00:16'),
(303, 1, NULL, 1503601200000, 475, '2017-03-01 17:00:17', '2017-03-01 17:00:17'),
(304, 1, NULL, 1503687600000, 612, '2017-03-01 17:00:18', '2017-03-01 17:00:18'),
(305, 1, NULL, 1503774000000, 475, '2017-03-01 17:00:19', '2017-03-01 17:00:19'),
(306, 1, NULL, 1503860400000, 510, '2017-03-01 17:00:20', '2017-03-01 17:00:20'),
(307, 1, NULL, 1503946800000, 460, '2017-03-01 17:00:21', '2017-03-01 17:00:21'),
(308, 1, NULL, 1504033200000, 660, '2017-03-01 17:00:22', '2017-03-01 17:00:22'),
(309, 1, NULL, 1504119600000, 612, '2017-03-01 17:00:23', '2017-03-01 17:00:23'),
(310, 1, NULL, 1504206000000, 460, '2017-03-01 17:00:24', '2017-03-01 17:00:24'),
(311, 1, NULL, 1504292400000, 680, '2017-03-01 17:00:25', '2017-03-01 17:00:25'),
(312, 1, NULL, 1504378800000, 500, '2017-03-01 17:00:26', '2017-03-01 17:00:26'),
(313, 1, NULL, 1504465200000, 635, '2017-03-01 17:00:27', '2017-03-01 17:00:27'),
(314, 1, NULL, 1504551600000, 612, '2017-03-01 17:00:28', '2017-03-01 17:00:28'),
(315, 1, NULL, 1504638000000, 550, '2017-03-01 17:00:29', '2017-03-01 17:00:29'),
(316, 1, NULL, 1504724400000, 350, '2017-03-01 17:00:30', '2017-03-01 17:00:30'),
(317, 1, NULL, 1504810800000, 635, '2017-03-01 17:00:31', '2017-03-01 17:00:31'),
(318, 1, NULL, 1504897200000, 475, '2017-03-01 17:00:32', '2017-03-01 17:00:32'),
(319, 1, NULL, 1504983600000, 490, '2017-03-01 17:00:33', '2017-03-01 17:00:33'),
(320, 1, NULL, 1505070000000, 635, '2017-03-01 17:00:34', '2017-03-01 17:00:34'),
(321, 1, NULL, 1505156400000, 660, '2017-03-01 17:00:35', '2017-03-01 17:00:35'),
(322, 1, NULL, 1505242800000, 500, '2017-03-01 17:00:36', '2017-03-01 17:00:36'),
(323, 1, NULL, 1505329200000, 612, '2017-03-01 17:00:37', '2017-03-01 17:00:37'),
(324, 1, NULL, 1505415600000, 750, '2017-03-01 17:00:38', '2017-03-01 17:00:38'),
(325, 1, NULL, 1505502000000, 680, '2017-03-01 17:00:39', '2017-03-01 17:00:39'),
(326, 1, NULL, 1505588400000, 815, '2017-03-01 17:00:40', '2017-03-01 17:00:40'),
(327, 1, NULL, 1505674800000, 490, '2017-03-01 17:00:41', '2017-03-01 17:00:41'),
(328, 1, NULL, 1505761200000, 220, '2017-03-01 17:00:42', '2017-03-01 17:00:42'),
(329, 1, NULL, 1505847600000, 660, '2017-03-01 17:00:42', '2017-03-01 17:00:42'),
(330, 1, NULL, 1505934000000, 815, '2017-03-01 17:00:43', '2017-03-01 17:00:43'),
(331, 1, NULL, 1483297200000, 460, '2017-03-01 17:02:38', '2017-03-01 17:02:38'),
(332, 1, NULL, 1483383600000, 400, '2017-03-01 17:02:39', '2017-03-01 17:02:39'),
(333, 1, NULL, 1483470000000, 460, '2017-03-01 17:02:40', '2017-03-01 17:02:40'),
(334, 1, NULL, 1483642800000, 710, '2017-03-01 17:02:42', '2017-03-01 17:02:42'),
(335, 1, 0, 1483297200000, 590, '2017-03-01 17:04:54', '2017-03-01 17:04:54'),
(336, 1, 0, 1483383600000, 590, '2017-03-01 17:04:55', '2017-03-01 17:04:55'),
(337, 1, 0, 1483470000000, 500, '2017-03-01 17:04:56', '2017-03-01 17:04:56'),
(338, 1, 0, 1483556400000, 612, '2017-03-01 17:04:57', '2017-03-01 17:04:57'),
(339, 1, 0, 1483642800000, 720, '2017-03-01 17:04:58', '2017-03-01 17:04:58'),
(340, 1, 0, 1483729200000, 660, '2017-03-01 17:04:59', '2017-03-01 17:04:59'),
(341, 1, 0, 1483815600000, 750, '2017-03-01 17:05:00', '2017-03-01 17:05:00'),
(342, 1, 0, 1483902000000, 590, '2017-03-01 17:05:01', '2017-03-01 17:05:01'),
(343, 1, 0, 1483988400000, 590, '2017-03-01 17:05:02', '2017-03-01 17:05:02'),
(344, 1, 0, 1484074800000, 720, '2017-03-01 17:05:03', '2017-03-01 17:05:03'),
(345, 1, 0, 1484161200000, 720, '2017-03-01 17:05:04', '2017-03-01 17:05:04'),
(346, 1, 0, 1484247600000, 460, '2017-03-01 17:05:05', '2017-03-01 17:05:05'),
(347, 1, 0, 1484334000000, 612, '2017-03-01 17:05:06', '2017-03-01 17:05:06'),
(348, 1, 0, 1484420400000, 475, '2017-03-01 17:05:07', '2017-03-01 17:05:07'),
(349, 1, 0, 1484506800000, 510, '2017-03-01 17:05:08', '2017-03-01 17:05:08'),
(350, 1, 0, 1484593200000, 635, '2017-03-01 17:05:09', '2017-03-01 17:05:09'),
(351, 1, 0, 1484679600000, 720, '2017-03-01 17:05:10', '2017-03-01 17:05:10'),
(352, 1, 0, 1484766000000, 660, '2017-03-01 17:05:11', '2017-03-01 17:05:11'),
(353, 1, 0, 1484852400000, 710, '2017-03-01 17:05:12', '2017-03-01 17:05:12'),
(354, 1, 0, 1484938800000, 475, '2017-03-01 17:05:13', '2017-03-01 17:05:13'),
(355, 1, 0, 1485025200000, 500, '2017-03-01 17:05:14', '2017-03-01 17:05:14'),
(356, 1, 0, 1485111600000, 710, '2017-03-01 17:05:15', '2017-03-01 17:05:15'),
(357, 1, 0, 1485198000000, 510, '2017-03-01 17:05:16', '2017-03-01 17:05:16'),
(358, 1, 0, 1485284400000, 750, '2017-03-01 17:05:17', '2017-03-01 17:05:17'),
(359, 1, 0, 1485370800000, 710, '2017-03-01 17:05:18', '2017-03-01 17:05:18'),
(360, 1, 0, 1485457200000, 680, '2017-03-01 17:05:19', '2017-03-01 17:05:19'),
(361, 1, 0, 1485543600000, 815, '2017-03-01 17:05:20', '2017-03-01 17:05:20'),
(362, 1, 0, 1485630000000, 510, '2017-03-01 17:05:21', '2017-03-01 17:05:21'),
(363, 1, 0, 1485716400000, 590, '2017-03-01 17:05:22', '2017-03-01 17:05:22'),
(364, 1, 0, 1485802800000, 510, '2017-03-01 17:05:23', '2017-03-01 17:05:23'),
(365, 1, 0, 1485889200000, 400, '2017-03-01 17:05:24', '2017-03-01 17:05:24'),
(366, 1, 0, 1483297200000, 550, '2017-03-01 17:06:34', '2017-03-01 17:06:34'),
(367, 1, 0, 1483383600000, 750, '2017-03-01 17:06:35', '2017-03-01 17:06:35'),
(368, 1, 0, 1483470000000, 612, '2017-03-01 17:06:36', '2017-03-01 17:06:36'),
(369, 1, 0, 1483556400000, 680, '2017-03-01 17:06:37', '2017-03-01 17:06:37'),
(370, 1, 0, 1483642800000, 750, '2017-03-01 17:06:38', '2017-03-01 17:06:38'),
(371, 1, 0, 1483729200000, 550, '2017-03-01 17:06:39', '2017-03-01 17:06:39'),
(372, 1, 0, 1483815600000, 350, '2017-03-01 17:06:40', '2017-03-01 17:06:40'),
(373, 1, 0, 1483902000000, 720, '2017-03-01 17:06:41', '2017-03-01 17:06:41'),
(374, 1, 0, 1483988400000, 660, '2017-03-01 17:06:46', '2017-03-01 17:06:46'),
(375, 1, 0, 1484074800000, 720, '2017-03-01 17:06:47', '2017-03-01 17:06:47'),
(376, 1, 0, 1484161200000, 750, '2017-03-01 17:06:48', '2017-03-01 17:06:48'),
(377, 1, 0, 1484247600000, 220, '2017-03-01 17:06:49', '2017-03-01 17:06:49'),
(378, 1, 0, 1484334000000, 590, '2017-03-01 17:06:50', '2017-03-01 17:06:50'),
(379, 1, 0, 1484420400000, 660, '2017-03-01 17:06:51', '2017-03-01 17:06:51'),
(380, 1, 0, 1484506800000, 815, '2017-03-01 17:06:52', '2017-03-01 17:06:52'),
(381, 1, 0, 1484593200000, 710, '2017-03-01 17:06:53', '2017-03-01 17:06:53'),
(382, 1, 0, 1484679600000, 815, '2017-03-01 17:06:54', '2017-03-01 17:06:54'),
(383, 1, 0, 1484766000000, 460, '2017-03-01 17:06:55', '2017-03-01 17:06:55'),
(384, 1, 0, 1484852400000, 815, '2017-03-01 17:06:56', '2017-03-01 17:06:56'),
(385, 1, 0, 1484938800000, 400, '2017-03-01 17:06:57', '2017-03-01 17:06:57'),
(386, 1, 0, 1485025200000, 590, '2017-03-01 17:06:58', '2017-03-01 17:06:58'),
(387, 1, 0, 1485111600000, 612, '2017-03-01 17:06:59', '2017-03-01 17:06:59'),
(388, 1, 106, 1483297200000, 510, '2017-03-01 17:20:53', '2017-03-01 17:20:53'),
(389, 1, 106, 1483383600000, 590, '2017-03-01 17:20:54', '2017-03-01 17:20:54'),
(390, 1, 106, 1483297200000, 612, '2017-03-01 17:21:30', '2017-03-01 17:21:30'),
(391, 1, 106, 1483383600000, 550, '2017-03-01 17:21:31', '2017-03-01 17:21:31'),
(392, 1, 106, 1483297200000, 510, '2017-03-01 17:21:53', '2017-03-01 17:21:53'),
(393, 1, 106, 1483383600000, 710, '2017-03-01 17:21:54', '2017-03-01 17:21:54'),
(394, 1, 106, 1483470000000, 815, '2017-03-01 17:21:55', '2017-03-01 17:21:55'),
(395, 1, 106, 1483297200000, 400, '2017-03-01 17:22:11', '2017-03-01 17:22:11'),
(396, 1, 106, 1483383600000, 510, '2017-03-01 17:22:12', '2017-03-01 17:22:12'),
(397, 1, 106, 1483470000000, 350, '2017-03-01 17:22:13', '2017-03-01 17:22:13'),
(398, 1, 106, 1483297200000, 720, '2017-03-01 17:23:39', '2017-03-01 17:23:39'),
(399, 1, 106, 1483383600000, 490, '2017-03-01 17:23:40', '2017-03-01 17:23:40'),
(400, 1, 106, 1483470000000, 500, '2017-03-01 17:23:41', '2017-03-01 17:23:41'),
(401, 1, 106, 1483556400000, 475, '2017-03-01 17:23:42', '2017-03-01 17:23:42'),
(402, 1, 106, 1483642800000, 680, '2017-03-01 17:23:43', '2017-03-01 17:23:43'),
(403, 1, 106, 1483729200000, 460, '2017-03-01 17:23:44', '2017-03-01 17:23:44'),
(404, 1, 106, 1483815600000, 815, '2017-03-01 17:23:45', '2017-03-01 17:23:45'),
(405, 1, 106, 1483902000000, 490, '2017-03-01 17:23:46', '2017-03-01 17:23:46'),
(406, 1, 106, 1483988400000, 815, '2017-03-01 17:23:47', '2017-03-01 17:23:47'),
(407, 1, 106, 1484074800000, 460, '2017-03-01 17:23:48', '2017-03-01 17:23:48'),
(408, 1, 106, 1484161200000, 350, '2017-03-01 17:23:49', '2017-03-01 17:23:49'),
(409, 1, 106, 1484247600000, 510, '2017-03-01 17:23:50', '2017-03-01 17:23:50'),
(410, 1, 106, 1484334000000, 500, '2017-03-01 17:23:51', '2017-03-01 17:23:51'),
(411, 1, 106, 1483297200000, 500, '2017-03-01 17:25:44', '2017-03-01 17:25:44'),
(412, 1, 106, 1483383600000, 680, '2017-03-01 17:25:45', '2017-03-01 17:25:45'),
(413, 1, 106, 1483470000000, 635, '2017-03-01 17:25:45', '2017-03-01 17:25:45'),
(414, 1, 106, 1483556400000, 510, '2017-03-01 17:25:45', '2017-03-01 17:25:45'),
(415, 1, 106, 1483729200000, 815, '2017-03-01 17:25:46', '2017-03-01 17:25:46'),
(416, 1, 106, 1483642800000, 590, '2017-03-01 17:25:46', '2017-03-01 17:25:46'),
(417, 1, 106, 1483815600000, 612, '2017-03-01 17:25:46', '2017-03-01 17:25:46'),
(418, 1, 106, 1483902000000, 750, '2017-03-01 17:25:47', '2017-03-01 17:25:47'),
(419, 1, 106, 1484074800000, 475, '2017-03-01 17:25:47', '2017-03-01 17:25:47'),
(420, 1, 106, 1484161200000, 220, '2017-03-01 17:25:47', '2017-03-01 17:25:47'),
(421, 1, 106, 1483988400000, 710, '2017-03-01 17:25:47', '2017-03-01 17:25:47'),
(422, 1, 106, 1484334000000, 815, '2017-03-01 17:25:47', '2017-03-01 17:25:47'),
(423, 1, 106, 1484247600000, 750, '2017-03-01 17:25:47', '2017-03-01 17:25:47'),
(424, 1, 106, 1484420400000, 720, '2017-03-01 17:25:47', '2017-03-01 17:25:47'),
(425, 1, 106, 1484506800000, 350, '2017-03-01 17:25:47', '2017-03-01 17:25:47'),
(426, 1, 106, 1484593200000, 635, '2017-03-01 17:25:47', '2017-03-01 17:25:47'),
(427, 1, 106, 1484679600000, 510, '2017-03-01 17:25:48', '2017-03-01 17:25:48'),
(428, 1, 106, 1484852400000, 490, '2017-03-01 17:25:48', '2017-03-01 17:25:48'),
(429, 1, 106, 1484766000000, 475, '2017-03-01 17:25:48', '2017-03-01 17:25:48'),
(430, 1, 106, 1484938800000, 750, '2017-03-01 17:25:48', '2017-03-01 17:25:48'),
(431, 1, 106, 1485111600000, 815, '2017-03-01 17:25:48', '2017-03-01 17:25:48'),
(432, 1, 106, 1485284400000, 660, '2017-03-01 17:25:48', '2017-03-01 17:25:48'),
(433, 1, 106, 1486494000000, 460, '2017-03-01 17:25:50', '2017-03-01 17:25:50'),
(434, 1, 106, 1486580400000, 680, '2017-03-01 17:25:50', '2017-03-01 17:25:50'),
(435, 1, 106, 1486666800000, 460, '2017-03-01 17:25:50', '2017-03-01 17:25:50'),
(436, 1, 106, 1486753200000, 500, '2017-03-01 17:25:51', '2017-03-01 17:25:51'),
(437, 1, 106, 1487358000000, 400, '2017-03-01 17:25:51', '2017-03-01 17:25:51'),
(438, 1, 106, 1487444400000, 220, '2017-03-01 17:25:52', '2017-03-01 17:25:52'),
(439, 1, 106, 1487876400000, 815, '2017-03-01 17:25:52', '2017-03-01 17:25:52'),
(440, 1, 106, 1487962800000, 220, '2017-03-01 17:25:52', '2017-03-01 17:25:52'),
(441, 1, 106, 1488135600000, 350, '2017-03-01 17:25:52', '2017-03-01 17:25:52'),
(442, 1, 106, 1488222000000, 350, '2017-03-01 17:25:53', '2017-03-01 17:25:53'),
(443, 1, 106, 1488826800000, 660, '2017-03-01 17:25:53', '2017-03-01 17:25:53'),
(444, 1, 106, 1488913200000, 350, '2017-03-01 17:25:54', '2017-03-01 17:25:54'),
(445, 1, 106, 1489086000000, 815, '2017-03-01 17:25:54', '2017-03-01 17:25:54'),
(446, 1, 106, 1488999600000, 400, '2017-03-01 17:25:54', '2017-03-01 17:25:54'),
(447, 1, 106, 1489258800000, 400, '2017-03-01 17:25:54', '2017-03-01 17:25:54'),
(448, 1, 106, 1489172400000, 710, '2017-03-01 17:25:54', '2017-03-01 17:25:54'),
(449, 1, 106, 1489345200000, 660, '2017-03-01 17:25:54', '2017-03-01 17:25:54'),
(450, 1, 106, 1489431600000, 500, '2017-03-01 17:25:54', '2017-03-01 17:25:54'),
(451, 1, 106, 1489690800000, 510, '2017-03-01 17:25:55', '2017-03-01 17:25:55'),
(452, 1, 106, 1489863600000, 612, '2017-03-01 17:25:55', '2017-03-01 17:25:55'),
(453, 1, 106, 1489777200000, 590, '2017-03-01 17:25:55', '2017-03-01 17:25:55'),
(454, 1, 106, 1490209200000, 220, '2017-03-01 17:25:56', '2017-03-01 17:25:56'),
(455, 1, 106, 1490468400000, 710, '2017-03-01 17:25:56', '2017-03-01 17:25:56'),
(456, 1, 106, 1490554800000, 635, '2017-03-01 17:25:56', '2017-03-01 17:25:56'),
(457, 1, 106, 1490641200000, 460, '2017-03-01 17:25:57', '2017-03-01 17:25:57'),
(458, 1, 106, 1491591600000, 815, '2017-03-01 17:25:58', '2017-03-01 17:25:58'),
(459, 1, 106, 1491678000000, 710, '2017-03-01 17:25:58', '2017-03-01 17:25:58'),
(460, 1, 106, 1491764400000, 510, '2017-03-01 17:25:59', '2017-03-01 17:25:59'),
(461, 1, 106, 1491937200000, 590, '2017-03-01 17:25:59', '2017-03-01 17:25:59'),
(462, 1, 106, 1491850800000, 350, '2017-03-01 17:25:59', '2017-03-01 17:25:59'),
(463, 1, 106, 1492023600000, 612, '2017-03-01 17:25:59', '2017-03-01 17:25:59'),
(464, 1, 106, 1492714800000, 400, '2017-03-01 17:26:00', '2017-03-01 17:26:00'),
(465, 1, 106, 1492801200000, 635, '2017-03-01 17:26:01', '2017-03-01 17:26:01'),
(466, 1, 106, 1492887600000, 510, '2017-03-01 17:26:01', '2017-03-01 17:26:01'),
(467, 1, 106, 1492974000000, 550, '2017-03-01 17:26:01', '2017-03-01 17:26:01'),
(468, 1, 106, 1493146800000, 710, '2017-03-01 17:26:01', '2017-03-01 17:26:01'),
(469, 1, 106, 1493060400000, 660, '2017-03-01 17:26:01', '2017-03-01 17:26:01'),
(470, 1, 106, 1493406000000, 500, '2017-03-01 17:26:02', '2017-03-01 17:26:02'),
(471, 1, 106, 1493319600000, 635, '2017-03-01 17:26:02', '2017-03-01 17:26:02'),
(472, 1, 106, 1493492400000, 460, '2017-03-01 17:26:02', '2017-03-01 17:26:02'),
(473, 1, 106, 1493578800000, 220, '2017-03-01 17:26:03', '2017-03-01 17:26:03'),
(474, 1, 106, 1493665200000, 590, '2017-03-01 17:26:03', '2017-03-01 17:26:03'),
(475, 1, 106, 1493751600000, 400, '2017-03-01 17:26:03', '2017-03-01 17:26:03'),
(476, 1, 106, 1493838000000, 510, '2017-03-01 17:26:04', '2017-03-01 17:26:04'),
(477, 1, 106, 1493924400000, 350, '2017-03-01 17:26:04', '2017-03-01 17:26:04'),
(478, 1, 106, 1494010800000, 490, '2017-03-01 17:26:04', '2017-03-01 17:26:04'),
(479, 1, 106, 1494097200000, 635, '2017-03-01 17:26:04', '2017-03-01 17:26:04'),
(480, 1, 106, 1494270000000, 400, '2017-03-01 17:26:04', '2017-03-01 17:26:04'),
(481, 1, 106, 1494356400000, 500, '2017-03-01 17:26:05', '2017-03-01 17:26:05'),
(482, 1, 106, 1494442800000, 815, '2017-03-01 17:26:05', '2017-03-01 17:26:05'),
(483, 1, 106, 1495220400000, 510, '2017-03-01 17:26:07', '2017-03-01 17:26:07'),
(484, 1, 106, 1483297200000, 550, '2017-03-01 17:26:14', '2017-03-01 17:26:14'),
(485, 1, 106, 1483383600000, 460, '2017-03-01 17:26:15', '2017-03-01 17:26:15'),
(486, 1, 106, 1483470000000, 475, '2017-03-01 17:26:16', '2017-03-01 17:26:16'),
(487, 1, 106, 1483556400000, 635, '2017-03-01 17:26:17', '2017-03-01 17:26:17'),
(488, 1, 106, 1483642800000, 550, '2017-03-01 17:26:18', '2017-03-01 17:26:18'),
(489, 1, 106, 1483729200000, 350, '2017-03-01 17:26:19', '2017-03-01 17:26:19'),
(490, 1, 106, 1483815600000, 590, '2017-03-01 17:26:20', '2017-03-01 17:26:20'),
(491, 1, 106, 1483902000000, 475, '2017-03-01 17:26:21', '2017-03-01 17:26:21'),
(492, 1, 106, 1483988400000, 635, '2017-03-01 17:26:22', '2017-03-01 17:26:22'),
(493, 1, 106, 1484074800000, 750, '2017-03-01 17:26:23', '2017-03-01 17:26:23'),
(494, 1, 106, 1484161200000, 612, '2017-03-01 17:26:24', '2017-03-01 17:26:24'),
(495, 1, 106, 1484247600000, 720, '2017-03-01 17:26:25', '2017-03-01 17:26:25'),
(496, 1, 106, 1484334000000, 590, '2017-03-01 17:26:26', '2017-03-01 17:26:26'),
(497, 1, 106, 1484420400000, 550, '2017-03-01 17:26:27', '2017-03-01 17:26:27'),
(498, 1, 106, 1484506800000, 510, '2017-03-01 17:26:28', '2017-03-01 17:26:28'),
(499, 1, 106, 1484593200000, 660, '2017-03-01 17:26:29', '2017-03-01 17:26:29'),
(500, 1, 106, 1484679600000, 460, '2017-03-01 17:26:30', '2017-03-01 17:26:30'),
(501, 1, 106, 1484766000000, 680, '2017-03-01 17:26:31', '2017-03-01 17:26:31'),
(502, 1, 106, 1484852400000, 680, '2017-03-01 17:26:32', '2017-03-01 17:26:32'),
(503, 1, 106, 1484938800000, 660, '2017-03-01 17:26:33', '2017-03-01 17:26:33'),
(504, 1, 106, 1485025200000, 460, '2017-03-01 17:26:34', '2017-03-01 17:26:34'),
(505, 1, 106, 1485111600000, 720, '2017-03-01 17:26:35', '2017-03-01 17:26:35'),
(506, 1, 106, 1485198000000, 720, '2017-03-01 17:26:36', '2017-03-01 17:26:36'),
(507, 1, 106, 1485284400000, 590, '2017-03-01 17:26:37', '2017-03-01 17:26:37'),
(508, 1, 106, 1485370800000, 460, '2017-03-01 17:26:38', '2017-03-01 17:26:38'),
(509, 1, 106, 1485457200000, 550, '2017-03-01 17:26:39', '2017-03-01 17:26:39'),
(510, 1, 106, 1485543600000, 680, '2017-03-01 17:26:40', '2017-03-01 17:26:40'),
(511, 1, 106, 1485630000000, 460, '2017-03-01 17:26:41', '2017-03-01 17:26:41'),
(512, 1, 106, 1485716400000, 660, '2017-03-01 17:26:42', '2017-03-01 17:26:42'),
(513, 1, 106, 1485802800000, 750, '2017-03-01 17:26:43', '2017-03-01 17:26:43'),
(514, 1, 106, 1485889200000, 550, '2017-03-01 17:26:44', '2017-03-01 17:26:44'),
(515, 1, 106, 1485975600000, 815, '2017-03-01 17:26:45', '2017-03-01 17:26:45'),
(516, 1, 106, 1486062000000, 460, '2017-03-01 17:26:46', '2017-03-01 17:26:46'),
(517, 1, 106, 1486148400000, 500, '2017-03-01 17:26:47', '2017-03-01 17:26:47'),
(518, 1, 106, 1486234800000, 710, '2017-03-01 17:26:48', '2017-03-01 17:26:48'),
(519, 1, 106, 1486321200000, 510, '2017-03-01 17:26:49', '2017-03-01 17:26:49'),
(520, 1, 106, 1486407600000, 720, '2017-03-01 17:26:50', '2017-03-01 17:26:50'),
(521, 1, 106, 1486494000000, 490, '2017-03-01 17:26:51', '2017-03-01 17:26:51'),
(522, 1, 106, 1486580400000, 350, '2017-03-01 17:26:52', '2017-03-01 17:26:52'),
(523, 1, 106, 1486666800000, 460, '2017-03-01 17:26:53', '2017-03-01 17:26:53'),
(524, 1, 106, 1486753200000, 635, '2017-03-01 17:26:54', '2017-03-01 17:26:54'),
(525, 1, 106, 1486839600000, 635, '2017-03-01 17:26:55', '2017-03-01 17:26:55'),
(526, 1, 106, 1486926000000, 720, '2017-03-01 17:26:56', '2017-03-01 17:26:56'),
(527, 1, 106, 1487012400000, 475, '2017-03-01 17:26:57', '2017-03-01 17:26:57'),
(528, 1, 106, 1487098800000, 750, '2017-03-01 17:26:58', '2017-03-01 17:26:58'),
(529, 1, 106, 1483297200000, 750, '2017-03-01 17:30:07', '2017-03-01 17:30:07'),
(530, 1, 106, 1483383600000, 475, '2017-03-01 17:30:08', '2017-03-01 17:30:08'),
(531, 1, 106, 1483470000000, 460, '2017-03-01 17:30:09', '2017-03-01 17:30:09'),
(532, 1, 106, 1483556400000, 500, '2017-03-01 17:30:10', '2017-03-01 17:30:10'),
(533, 1, 106, 1483642800000, 475, '2017-03-01 17:30:11', '2017-03-01 17:30:11'),
(534, 1, 106, 1483729200000, 590, '2017-03-01 17:30:12', '2017-03-01 17:30:12');

-- --------------------------------------------------------

--
-- Table structure for table `roles`
--

DROP TABLE IF EXISTS `roles`;
CREATE TABLE IF NOT EXISTS `roles` (
  `id` int(10) UNSIGNED NOT NULL AUTO_INCREMENT,
  `name` varchar(255) COLLATE utf8_unicode_ci NOT NULL,
  `description` varchar(255) COLLATE utf8_unicode_ci DEFAULT NULL,
  `created_at` timestamp NULL DEFAULT NULL,
  `updated_at` timestamp NULL DEFAULT NULL,
  PRIMARY KEY (`id`)
) ENGINE=MyISAM AUTO_INCREMENT=36 DEFAULT CHARSET=utf8 COLLATE=utf8_unicode_ci;

--
-- Dumping data for table `roles`
--

INSERT INTO `roles` (`id`, `name`, `description`, `created_at`, `updated_at`) VALUES
(1, 'Super Admin', 'Super administrator of the applications', NULL, '2017-02-14 01:36:25'),
(2, 'Admin', 'Administrator of the application', NULL, '2016-07-06 06:58:15'),
(33, 'Roles and Permissions Manager', 'Can manage all the roles and permissions of the application', '2016-07-31 14:53:36', '2016-07-31 14:53:36'),
(34, 'Users Manager', 'Can manage all the users on the application', '2016-07-31 14:56:18', '2017-02-14 01:36:20'),
(35, 'Configuration Manager', 'Administrator for Configuration', '2017-02-26 02:03:50', '2017-02-26 02:03:50');

-- --------------------------------------------------------

--
-- Table structure for table `role_user`
--

DROP TABLE IF EXISTS `role_user`;
CREATE TABLE IF NOT EXISTS `role_user` (
  `role_id` int(10) UNSIGNED NOT NULL,
  `user_id` int(10) UNSIGNED NOT NULL,
  `created_at` timestamp NULL DEFAULT NULL,
  `updated_at` timestamp NULL DEFAULT NULL,
  PRIMARY KEY (`role_id`,`user_id`),
  KEY `role_user_user_id_foreign` (`user_id`)
) ENGINE=MyISAM DEFAULT CHARSET=utf8 COLLATE=utf8_unicode_ci;

--
-- Dumping data for table `role_user`
--

INSERT INTO `role_user` (`role_id`, `user_id`, `created_at`, `updated_at`) VALUES
(1, 451, NULL, NULL);

-- --------------------------------------------------------

--
-- Table structure for table `sessions`
--

DROP TABLE IF EXISTS `sessions`;
CREATE TABLE IF NOT EXISTS `sessions` (
  `id` varchar(255) COLLATE utf8_unicode_ci NOT NULL,
  `user_id` int(11) DEFAULT NULL,
  `ip_address` varchar(45) COLLATE utf8_unicode_ci DEFAULT NULL,
  `user_agent` text COLLATE utf8_unicode_ci,
  `payload` text COLLATE utf8_unicode_ci NOT NULL,
  `last_activity` int(11) NOT NULL,
  UNIQUE KEY `sessions_id_unique` (`id`)
) ENGINE=InnoDB DEFAULT CHARSET=utf8 COLLATE=utf8_unicode_ci;

--
-- Dumping data for table `sessions`
--

INSERT INTO `sessions` (`id`, `user_id`, `ip_address`, `user_agent`, `payload`, `last_activity`) VALUES
('2cf06346a7a7a4d4c8da35823f87db42a3b9e277', NULL, '127.0.0.1', 'Mozilla/5.0 (X11; Linux x86_64) AppleWebKit/537.36 (KHTML, like Gecko) Chrome/51.0.2704.106 Safari/537.36', 'YTo1OntzOjY6Il90b2tlbiI7czo0MDoiam5GQXRINFhtNTNScHBRS0ZtOExtMHF6aGo2VlVLRjJQWFF3VFdibSI7czozOiJ1cmwiO2E6MTp7czo4OiJpbnRlbmRlZCI7czoxMzoiaHR0cDovL3hpcy1ociI7fXM6OToiX3ByZXZpb3VzIjthOjE6e3M6MzoidXJsIjtzOjE5OiJodHRwOi8veGlzLWhyL2xvZ2luIjt9czo1OiJmbGFzaCI7YToyOntzOjM6Im9sZCI7YTowOnt9czozOiJuZXciO2E6MDp7fX1zOjk6Il9zZjJfbWV0YSI7YTozOntzOjE6InUiO2k6MTQ3MzA0NjA2NTtzOjE6ImMiO2k6MTQ3MzA0NjA2NTtzOjE6ImwiO3M6MToiMCI7fX0=', 1473046065),
('42d9795e169e919055f2cd43e4f22a0bba6b6c46', NULL, '127.0.0.1', 'Mozilla/5.0 (X11; Ubuntu; Linux x86_64; rv:47.0) Gecko/20100101 Firefox/47.0', 'YTo1OntzOjY6Il90b2tlbiI7czo0MDoiRFNPYTlJb1JiQ2hCdnpLYlFaQUxBTWx3Q21LSnJQdXBQWm52WXZ3SCI7czozOiJ1cmwiO2E6MTp7czo4OiJpbnRlbmRlZCI7czoxMToiaHR0cDovL2F1dGgiO31zOjk6Il9wcmV2aW91cyI7YToxOntzOjM6InVybCI7czoxMToiaHR0cDovL2F1dGgiO31zOjk6Il9zZjJfbWV0YSI7YTozOntzOjE6InUiO2k6MTQ3MDA1MzgxOTtzOjE6ImMiO2k6MTQ3MDA1MzgxOTtzOjE6ImwiO3M6MToiMCI7fXM6NToiZmxhc2giO2E6Mjp7czozOiJvbGQiO2E6MDp7fXM6MzoibmV3IjthOjA6e319fQ==', 1470053819),
('4764908d116b4912ca502b54f2adf7f57882cdee', 451, '127.0.0.1', 'Mozilla/5.0 (X11; Linux x86_64) AppleWebKit/537.36 (KHTML, like Gecko) Chrome/51.0.2704.106 Safari/537.36', 'YTo2OntzOjY6Il90b2tlbiI7czo0MDoiRTRMa2E1eE1PMjFLZUgyVHpBSnI5eGExclFndXdPTTR4Y2ZBUkpleSI7czozOiJ1cmwiO2E6MDp7fXM6OToiX3ByZXZpb3VzIjthOjE6e3M6MzoidXJsIjtzOjIxOiJodHRwOi8vYXV0aC91c2Vycy80NTEiO31zOjU6ImZsYXNoIjthOjI6e3M6Mzoib2xkIjthOjA6e31zOjM6Im5ldyI7YTowOnt9fXM6NTA6ImxvZ2luX3dlYl81OWJhMzZhZGRjMmIyZjk0MDE1ODBmMDE0YzdmNThlYTRlMzA5ODlkIjtpOjQ1MTtzOjk6Il9zZjJfbWV0YSI7YTozOntzOjE6InUiO2k6MTQ3MjM5NjA3OTtzOjE6ImMiO2k6MTQ3MjM5NjA3MztzOjE6ImwiO3M6MToiMCI7fX0=', 1472396079),
('4a721221d41baa4e28ddc877820c0c2cb8511ab8', NULL, '127.0.0.1', 'Mozilla/5.0 (X11; Linux x86_64) AppleWebKit/537.36 (KHTML, like Gecko) Chrome/51.0.2704.106 Safari/537.36', 'YTo0OntzOjY6Il90b2tlbiI7czo0MDoiazVMM04yMjQ3R1YzVElNUnNoOUZoSnFOQ0ZFSjRJSm1mVzlCVkFlViI7czo5OiJfcHJldmlvdXMiO2E6MTp7czozOiJ1cmwiO3M6MjE6Imh0dHA6Ly9hdXRoL3VzZXJzLzQ1MSI7fXM6OToiX3NmMl9tZXRhIjthOjM6e3M6MToidSI7aToxNDczMDQ2NDU5O3M6MToiYyI7aToxNDczMDQ2NDU5O3M6MToibCI7czoxOiIwIjt9czo1OiJmbGFzaCI7YToyOntzOjM6Im9sZCI7YTowOnt9czozOiJuZXciO2E6MDp7fX19', 1473046459),
('741d334677fa1fd699bb2975ab2bec86311b269a', 451, '127.0.0.1', 'Mozilla/5.0 (X11; Linux x86_64) AppleWebKit/537.36 (KHTML, like Gecko) Chrome/54.0.2840.100 Safari/537.36', 'YTo2OntzOjY6Il90b2tlbiI7czo0MDoiekVxbFNwdXhmeGFuT1lGVTlmT2puczUwRHN4dGZieTEycGJHZ0oxVyI7czozOiJ1cmwiO2E6MDp7fXM6OToiX3ByZXZpb3VzIjthOjE6e3M6MzoidXJsIjtzOjIxOiJodHRwOi8vYXV0aC91c2Vycy80NTEiO31zOjU6ImZsYXNoIjthOjI6e3M6Mzoib2xkIjthOjA6e31zOjM6Im5ldyI7YTowOnt9fXM6NTA6ImxvZ2luX3dlYl81OWJhMzZhZGRjMmIyZjk0MDE1ODBmMDE0YzdmNThlYTRlMzA5ODlkIjtpOjQ1MTtzOjk6Il9zZjJfbWV0YSI7YTozOntzOjE6InUiO2k6MTQ4NjI2NjAwNztzOjE6ImMiO2k6MTQ4NjI2NjAwMjtzOjE6ImwiO3M6MToiMCI7fX0=', 1486266007),
('81d3386e769848203b0265940adba5d2ab5c4d86', 451, '127.0.0.1', 'Mozilla/5.0 (X11; Linux x86_64) AppleWebKit/537.36 (KHTML, like Gecko) Chrome/51.0.2704.106 Safari/537.36', 'YTo2OntzOjY6Il90b2tlbiI7czo0MDoib3g5aFhJdktUYXVEcXFxNmJJczZ3THFhbTI0cmc2NW9KQkZhSXhVMyI7czozOiJ1cmwiO2E6MDp7fXM6OToiX3ByZXZpb3VzIjthOjE6e3M6MzoidXJsIjtzOjIxOiJodHRwOi8vYXV0aC91c2Vycy80NjUiO31zOjU6ImZsYXNoIjthOjI6e3M6Mzoib2xkIjthOjA6e31zOjM6Im5ldyI7YTowOnt9fXM6NTA6ImxvZ2luX3dlYl81OWJhMzZhZGRjMmIyZjk0MDE1ODBmMDE0YzdmNThlYTRlMzA5ODlkIjtpOjQ1MTtzOjk6Il9zZjJfbWV0YSI7YTozOntzOjE6InUiO2k6MTQ3MzA0NTI4MTtzOjE6ImMiO2k6MTQ3MzA0NTI0NDtzOjE6ImwiO3M6MToiMCI7fX0=', 1473045281),
('9cdc4eb6cfd89b951702afeeed076d61e30f63a1', NULL, '127.0.0.1', 'Mozilla/5.0 (X11; Ubuntu; Linux x86_64; rv:47.0) Gecko/20100101 Firefox/47.0', 'YTo0OntzOjY6Il90b2tlbiI7czo0MDoiTU9GQXBDTGgyNWZpVWNzWm5QVmVBNFM5WDJNeTR2b1Rva2w1bHU2byI7czo5OiJfcHJldmlvdXMiO2E6MTp7czozOiJ1cmwiO3M6MTc6Imh0dHA6Ly9hdXRoL2xvZ2luIjt9czo5OiJfc2YyX21ldGEiO2E6Mzp7czoxOiJ1IjtpOjE0NzAwNTM4MTk7czoxOiJjIjtpOjE0NzAwNTM4MTk7czoxOiJsIjtzOjE6IjAiO31zOjU6ImZsYXNoIjthOjI6e3M6Mzoib2xkIjthOjA6e31zOjM6Im5ldyI7YTowOnt9fX0=', 1470053819),
('e0761be1ce7f06822b1c4753a2b0200dd14664ab', 451, '127.0.0.1', 'Mozilla/5.0 (X11; Linux x86_64) AppleWebKit/537.36 (KHTML, like Gecko) Chrome/51.0.2704.106 Safari/537.36', 'YTo2OntzOjY6Il90b2tlbiI7czo0MDoiSk9QSGRvaTNpT2V3dTEzQ0tkcnU1SjFvdEJxT1RXeDBPRURCeEVmUiI7czo5OiJfcHJldmlvdXMiO2E6MTp7czozOiJ1cmwiO3M6MjY6Imh0dHA6Ly9jbXMucHNtLmxvY2FsL3JvbGVzIjt9czo1OiJmbGFzaCI7YToyOntzOjM6Im9sZCI7YTowOnt9czozOiJuZXciO2E6MDp7fX1zOjM6InVybCI7YTowOnt9czo1MDoibG9naW5fd2ViXzU5YmEzNmFkZGMyYjJmOTQwMTU4MGYwMTRjN2Y1OGVhNGUzMDk4OWQiO2k6NDUxO3M6OToiX3NmMl9tZXRhIjthOjM6e3M6MToidSI7aToxNDcwMDUxODc0O3M6MToiYyI7aToxNDcwMDUwMTI0O3M6MToibCI7czoxOiIwIjt9fQ==', 1470051874),
('e450bf873c96e679fea15bd91912de4fcfbb4e42', NULL, '127.0.0.1', 'Mozilla/5.0 (X11; Ubuntu; Linux x86_64; rv:47.0) Gecko/20100101 Firefox/47.0', 'YTo1OntzOjY6Il90b2tlbiI7czo0MDoiZG10WGVKMWhPZ1ROSm5nY0JtN1JCVXdSS2Y5TUJzNnRTQUFEVE5KWiI7czozOiJ1cmwiO2E6MTp7czo4OiJpbnRlbmRlZCI7czoxNzoiaHR0cDovL2F1dGgvcm9sZXMiO31zOjk6Il9wcmV2aW91cyI7YToxOntzOjM6InVybCI7czoxNzoiaHR0cDovL2F1dGgvbG9naW4iO31zOjU6ImZsYXNoIjthOjI6e3M6Mzoib2xkIjthOjA6e31zOjM6Im5ldyI7YTowOnt9fXM6OToiX3NmMl9tZXRhIjthOjM6e3M6MToidSI7aToxNDcwMDY2MTA1O3M6MToiYyI7aToxNDcwMDY2MDk2O3M6MToibCI7czoxOiIwIjt9fQ==', 1470066105),
('f08b06a8d8c5248144bd289c25c615609fa8eb01', NULL, '127.0.0.1', 'Mozilla/5.0 (X11; Linux x86_64) AppleWebKit/537.36 (KHTML, like Gecko) Chrome/51.0.2704.106 Safari/537.36', 'YTo0OntzOjY6Il90b2tlbiI7czo0MDoiaGh4SEhXOFRTOGxQR09vNUN2WmZaakljcXY1VDJDcXViaGRobnVkNCI7czo5OiJfcHJldmlvdXMiO2E6MTp7czozOiJ1cmwiO3M6MTc6Imh0dHA6Ly9hdXRoL3JvbGVzIjt9czo5OiJfc2YyX21ldGEiO2E6Mzp7czoxOiJ1IjtpOjE0NzMwNDY0NzY7czoxOiJjIjtpOjE0NzMwNDY0NzY7czoxOiJsIjtzOjE6IjAiO31zOjU6ImZsYXNoIjthOjI6e3M6Mzoib2xkIjthOjA6e31zOjM6Im5ldyI7YTowOnt9fX0=', 1473046476);

-- --------------------------------------------------------

--
-- Table structure for table `settings`
--

DROP TABLE IF EXISTS `settings`;
CREATE TABLE IF NOT EXISTS `settings` (
  `id` int(11) NOT NULL AUTO_INCREMENT,
  `app_name` varchar(45) DEFAULT NULL,
  `app_logo` varchar(45) DEFAULT NULL,
  `app_footer_name` varchar(145) DEFAULT NULL,
  `created_at` datetime DEFAULT NULL,
  `updated_at` datetime DEFAULT NULL,
  PRIMARY KEY (`id`)
) ENGINE=InnoDB AUTO_INCREMENT=2 DEFAULT CHARSET=latin1;

--
-- Dumping data for table `settings`
--

INSERT INTO `settings` (`id`, `app_name`, `app_logo`, `app_footer_name`, `created_at`, `updated_at`) VALUES
(1, 'LIBRARY MANAGER', NULL, 'Xillion Information Systems (c) 2017 | Custom Name | For support:  7783031', '0000-00-00 00:00:00', NULL);

-- --------------------------------------------------------

--
-- Table structure for table `supervisors`
--

DROP TABLE IF EXISTS `supervisors`;
CREATE TABLE IF NOT EXISTS `supervisors` (
  `id` int(11) NOT NULL AUTO_INCREMENT,
  `user_id` int(11) DEFAULT NULL,
  `supervisor_id` int(11) DEFAULT NULL,
  `supervisor_name` varchar(45) DEFAULT NULL,
  `supervisor_avatar` varchar(45) DEFAULT NULL,
  `created_at` datetime DEFAULT NULL,
  `updated_at` datetime DEFAULT NULL,
  PRIMARY KEY (`id`)
) ENGINE=MyISAM AUTO_INCREMENT=5 DEFAULT CHARSET=latin1;

--
-- Dumping data for table `supervisors`
--

INSERT INTO `supervisors` (`id`, `user_id`, `supervisor_id`, `supervisor_name`, `supervisor_avatar`, `created_at`, `updated_at`) VALUES
(1, 451, 354, 'Abdul Latheef', '354.jpg', NULL, NULL),
(2, 452, 354, 'Abdul Latheef', '354.jpg', NULL, NULL),
(3, 451, 473, 'Ibrahim Nasreen', '473.jpg', NULL, NULL),
(4, 452, 451, 'Mohamed Anil', '451.jpg', NULL, NULL);

-- --------------------------------------------------------

--
-- Table structure for table `users`
--

DROP TABLE IF EXISTS `users`;
CREATE TABLE IF NOT EXISTS `users` (
  `id` int(10) UNSIGNED NOT NULL AUTO_INCREMENT,
  `name` varchar(255) COLLATE utf8_unicode_ci NOT NULL,
  `email` varchar(255) COLLATE utf8_unicode_ci NOT NULL,
  `password` varchar(255) COLLATE utf8_unicode_ci NOT NULL,
  `remember_token` varchar(100) COLLATE utf8_unicode_ci DEFAULT NULL,
  `avatar` varchar(45) COLLATE utf8_unicode_ci DEFAULT NULL,
  `created_at` timestamp NULL DEFAULT NULL,
  `updated_at` timestamp NULL DEFAULT NULL,
  PRIMARY KEY (`id`),
  UNIQUE KEY `users_email_unique` (`email`)
) ENGINE=MyISAM AUTO_INCREMENT=470 DEFAULT CHARSET=utf8 COLLATE=utf8_unicode_ci;

--
-- Dumping data for table `users`
--

INSERT INTO `users` (`id`, `name`, `email`, `password`, `remember_token`, `avatar`, `created_at`, `updated_at`) VALUES
(451, 'Mohamed Anil', 'anil@xillionsolutions.com', '$2y$10$lhsZrAdUniDSKxh2ee/N/usxbG6tiJ8gnHkaYj./oK6X2hCNb4krm', 'jZ52l8kgjab0pGeqsDT5INWzNLUtnk0tMvtlYr6s7eMfFPlkNvwC1Hfus5Eb', '1469877640.jpg', NULL, '2017-03-01 10:43:46'),
(467, 'Test user', 'test@user.com', '$2y$10$4z/UWbpQrt6fMEOKjYqAFe6SiIew9juowTtXMoEO6XX5ljTXWPQpi', NULL, '1486976991.jpg', '2017-02-13 04:08:23', '2017-02-13 04:09:51'),
(468, 'Hassan', 'hassan@is.com', '$2y$10$ARHeiTr.QZB7XyesZuFG4.26ITbj05Sfd2SVqmkyPQ4lBK1gkIryu', NULL, '1486979701.jpg', '2017-02-13 04:48:14', '2017-02-13 04:55:01'),
(469, 'Ismail', 'ismail@ismail.com', '$2y$10$efXF6eRdKYypQiBF8e/GOeIdfhe8boH9lY3vwHSf7YcTYMecvnl.K', NULL, 'placeholder.png', '2017-02-13 04:54:08', '2017-02-13 04:54:08');

/*!40101 SET CHARACTER_SET_CLIENT=@OLD_CHARACTER_SET_CLIENT */;
/*!40101 SET CHARACTER_SET_RESULTS=@OLD_CHARACTER_SET_RESULTS */;
/*!40101 SET COLLATION_CONNECTION=@OLD_COLLATION_CONNECTION */;
