-- MySQL dump 10.13  Distrib 5.7.12, for linux-glibc2.5 (x86_64)
--
-- Host: localhost    Database: utility_db
-- ------------------------------------------------------
-- Server version	5.7.18-0ubuntu0.16.04.1

/*!40101 SET @OLD_CHARACTER_SET_CLIENT=@@CHARACTER_SET_CLIENT */;
/*!40101 SET @OLD_CHARACTER_SET_RESULTS=@@CHARACTER_SET_RESULTS */;
/*!40101 SET @OLD_COLLATION_CONNECTION=@@COLLATION_CONNECTION */;
/*!40101 SET NAMES utf8 */;
/*!40103 SET @OLD_TIME_ZONE=@@TIME_ZONE */;
/*!40103 SET TIME_ZONE='+00:00' */;
/*!40014 SET @OLD_UNIQUE_CHECKS=@@UNIQUE_CHECKS, UNIQUE_CHECKS=0 */;
/*!40014 SET @OLD_FOREIGN_KEY_CHECKS=@@FOREIGN_KEY_CHECKS, FOREIGN_KEY_CHECKS=0 */;
/*!40101 SET @OLD_SQL_MODE=@@SQL_MODE, SQL_MODE='NO_AUTO_VALUE_ON_ZERO' */;
/*!40111 SET @OLD_SQL_NOTES=@@SQL_NOTES, SQL_NOTES=0 */;

--
-- Table structure for table `accounts`
--

DROP TABLE IF EXISTS `accounts`;
/*!40101 SET @saved_cs_client     = @@character_set_client */;
/*!40101 SET character_set_client = utf8 */;
CREATE TABLE `accounts` (
  `id` int(11) NOT NULL AUTO_INCREMENT,
  `account_number` int(11) DEFAULT NULL,
  `meter_number` int(11) DEFAULT NULL,
  `owner` varchar(200) DEFAULT NULL,
  `service_address` varchar(200) DEFAULT NULL,
  `last_reading` int(11) DEFAULT NULL,
  `topup` int(4) DEFAULT NULL,
  `topup_status` int(1) DEFAULT '0',
  `last_reading_date` bigint(14) DEFAULT NULL,
  `status` int(1) DEFAULT NULL,
  `created_at` datetime DEFAULT NULL,
  `updated_at` datetime DEFAULT NULL,
  PRIMARY KEY (`id`)
) ENGINE=MyISAM AUTO_INCREMENT=3 DEFAULT CHARSET=latin1;
/*!40101 SET character_set_client = @saved_cs_client */;

--
-- Dumping data for table `accounts`
--

LOCK TABLES `accounts` WRITE;
/*!40000 ALTER TABLE `accounts` DISABLE KEYS */;
INSERT INTO `accounts` VALUES (1,123,456,'	Mohamed Anil, A062588, Ma. Kashima, Maafai Thakurufaanu Magu, 7783031','Ma. Kashima, Maafai Thakurufaanu Magu',1558021,0,1,1674932400000,0,NULL,'2017-05-23 07:32:38'),(2,106,111,'	Ismail Rasheed, A062588, Ma. Kashima, Maafai Thakurufaanu Magu, 7783031','Ma. Kashima, Maafai Thakurufaanu Magu',1046034,0,0,1583175600000,0,NULL,'2017-05-23 07:37:09');
/*!40000 ALTER TABLE `accounts` ENABLE KEYS */;
UNLOCK TABLES;

--
-- Table structure for table `migrations`
--

DROP TABLE IF EXISTS `migrations`;
/*!40101 SET @saved_cs_client     = @@character_set_client */;
/*!40101 SET character_set_client = utf8 */;
CREATE TABLE `migrations` (
  `migration` varchar(255) COLLATE utf8_unicode_ci NOT NULL,
  `batch` int(11) NOT NULL
) ENGINE=MyISAM DEFAULT CHARSET=utf8 COLLATE=utf8_unicode_ci;
/*!40101 SET character_set_client = @saved_cs_client */;

--
-- Dumping data for table `migrations`
--

LOCK TABLES `migrations` WRITE;
/*!40000 ALTER TABLE `migrations` DISABLE KEYS */;
INSERT INTO `migrations` VALUES ('2014_10_12_000000_create_users_table',1),('2014_10_12_100000_create_password_resets_table',1),('2016_06_24_111426_create_roles_permissions_tables',2),('2016_06_24_114743_create_roles_permissions_tables',3),('2016_07_21_123358_create_sessions_table',4);
/*!40000 ALTER TABLE `migrations` ENABLE KEYS */;
UNLOCK TABLES;

--
-- Table structure for table `password_resets`
--

DROP TABLE IF EXISTS `password_resets`;
/*!40101 SET @saved_cs_client     = @@character_set_client */;
/*!40101 SET character_set_client = utf8 */;
CREATE TABLE `password_resets` (
  `email` varchar(255) COLLATE utf8_unicode_ci NOT NULL,
  `token` varchar(255) COLLATE utf8_unicode_ci NOT NULL,
  `created_at` timestamp NOT NULL DEFAULT CURRENT_TIMESTAMP ON UPDATE CURRENT_TIMESTAMP,
  KEY `password_resets_email_index` (`email`),
  KEY `password_resets_token_index` (`token`)
) ENGINE=MyISAM DEFAULT CHARSET=utf8 COLLATE=utf8_unicode_ci;
/*!40101 SET character_set_client = @saved_cs_client */;

--
-- Dumping data for table `password_resets`
--

LOCK TABLES `password_resets` WRITE;
/*!40000 ALTER TABLE `password_resets` DISABLE KEYS */;
/*!40000 ALTER TABLE `password_resets` ENABLE KEYS */;
UNLOCK TABLES;

--
-- Table structure for table `permission_role`
--

DROP TABLE IF EXISTS `permission_role`;
/*!40101 SET @saved_cs_client     = @@character_set_client */;
/*!40101 SET character_set_client = utf8 */;
CREATE TABLE `permission_role` (
  `role_id` int(10) unsigned NOT NULL,
  `permission_id` int(10) unsigned NOT NULL,
  `created_at` datetime DEFAULT NULL,
  `updated_at` datetime DEFAULT NULL,
  PRIMARY KEY (`role_id`,`permission_id`),
  KEY `permission_role_permission_id_foreign` (`permission_id`)
) ENGINE=MyISAM DEFAULT CHARSET=utf8 COLLATE=utf8_unicode_ci;
/*!40101 SET character_set_client = @saved_cs_client */;

--
-- Dumping data for table `permission_role`
--

LOCK TABLES `permission_role` WRITE;
/*!40000 ALTER TABLE `permission_role` DISABLE KEYS */;
INSERT INTO `permission_role` VALUES (33,38,'2016-07-31 14:55:43','2016-07-31 14:55:43'),(1,37,'2017-02-13 06:24:51','2017-02-13 06:24:51'),(1,1,NULL,NULL),(2,37,'2016-07-31 14:50:57','2016-07-31 14:50:57'),(33,40,'2016-07-31 15:15:14','2016-07-31 15:15:14'),(34,39,'2016-07-31 14:56:46','2016-07-31 14:56:46'),(1,38,NULL,NULL),(1,39,NULL,NULL),(1,40,NULL,NULL),(35,452,'2017-02-26 07:04:28','2017-02-26 07:04:28'),(1,452,'2017-02-26 07:04:36','2017-02-26 07:04:36');
/*!40000 ALTER TABLE `permission_role` ENABLE KEYS */;
UNLOCK TABLES;

--
-- Table structure for table `permissions`
--

DROP TABLE IF EXISTS `permissions`;
/*!40101 SET @saved_cs_client     = @@character_set_client */;
/*!40101 SET character_set_client = utf8 */;
CREATE TABLE `permissions` (
  `id` int(10) unsigned NOT NULL AUTO_INCREMENT,
  `name` varchar(255) COLLATE utf8_unicode_ci NOT NULL,
  `description` varchar(255) COLLATE utf8_unicode_ci DEFAULT NULL,
  `created_at` timestamp NULL DEFAULT NULL,
  `updated_at` timestamp NULL DEFAULT NULL,
  PRIMARY KEY (`id`)
) ENGINE=MyISAM AUTO_INCREMENT=453 DEFAULT CHARSET=utf8 COLLATE=utf8_unicode_ci;
/*!40101 SET character_set_client = @saved_cs_client */;

--
-- Dumping data for table `permissions`
--

LOCK TABLES `permissions` WRITE;
/*!40000 ALTER TABLE `permissions` DISABLE KEYS */;
INSERT INTO `permissions` VALUES (1,'super_admin','Has all the rights to the application',NULL,NULL),(39,'users_admin','Default permission for the users managers','2016-07-31 14:55:24','2017-02-13 04:45:32'),(40,'permissions_admin','Can manage permissions','2016-07-31 15:14:38','2016-07-31 15:14:38'),(37,'admin','This is the administrator permission for the application','2016-07-31 14:50:42','2016-07-31 14:50:42'),(38,'roles_admin','Can manage roles','2016-07-31 14:55:01','2016-07-31 15:14:56'),(452,'configuration_admin','Administrator for Configuration','2017-02-26 02:04:19','2017-02-26 02:04:19');
/*!40000 ALTER TABLE `permissions` ENABLE KEYS */;
UNLOCK TABLES;

--
-- Table structure for table `readings`
--

DROP TABLE IF EXISTS `readings`;
/*!40101 SET @saved_cs_client     = @@character_set_client */;
/*!40101 SET character_set_client = utf8 */;
CREATE TABLE `readings` (
  `id` int(11) NOT NULL AUTO_INCREMENT,
  `type` int(11) DEFAULT NULL,
  `account` int(11) DEFAULT NULL,
  `date` bigint(14) DEFAULT NULL,
  `reading` int(11) DEFAULT NULL,
  `created_at` datetime DEFAULT NULL,
  `updated_at` datetime DEFAULT NULL,
  PRIMARY KEY (`id`)
) ENGINE=InnoDB AUTO_INCREMENT=1037 DEFAULT CHARSET=latin1;
/*!40101 SET character_set_client = @saved_cs_client */;

--
-- Dumping data for table `readings`
--

LOCK TABLES `readings` WRITE;
/*!40000 ALTER TABLE `readings` DISABLE KEYS */;
INSERT INTO `readings` VALUES (1,1,106,1580756400000,550,'2017-05-23 06:51:03','2017-05-23 06:51:03'),(2,1,106,1580842800000,635,'2017-05-23 06:51:37','2017-05-23 06:51:37'),(3,1,106,1580929200000,660,'2017-05-23 06:51:38','2017-05-23 06:51:38'),(4,1,106,1581015600000,660,'2017-05-23 06:51:39','2017-05-23 06:51:39'),(5,1,106,1581102000000,510,'2017-05-23 06:51:40','2017-05-23 06:51:40'),(6,1,106,1581188400000,460,'2017-05-23 06:51:41','2017-05-23 06:51:41'),(7,1,106,1581274800000,475,'2017-05-23 06:51:42','2017-05-23 06:51:42'),(8,1,106,1581361200000,590,'2017-05-23 06:51:43','2017-05-23 06:51:43'),(9,1,106,1581447600000,710,'2017-05-23 06:51:44','2017-05-23 06:51:44'),(10,1,106,1581534000000,510,'2017-05-23 06:51:45','2017-05-23 06:51:45'),(11,1,106,1581620400000,460,'2017-05-23 06:51:46','2017-05-23 06:51:46'),(12,1,106,1581706800000,750,'2017-05-23 06:51:47','2017-05-23 06:51:47'),(13,1,106,1581793200000,550,'2017-05-23 06:51:48','2017-05-23 06:51:48'),(14,1,106,1581879600000,350,'2017-05-23 06:51:49','2017-05-23 06:51:49'),(15,1,106,1581966000000,612,'2017-05-23 06:51:50','2017-05-23 06:51:50'),(16,1,106,1582052400000,220,'2017-05-23 06:51:51','2017-05-23 06:51:51'),(17,1,106,1582138800000,815,'2017-05-23 06:51:52','2017-05-23 06:51:52'),(18,1,106,1582225200000,815,'2017-05-23 06:54:31','2017-05-23 06:54:31'),(19,1,106,1582311600000,635,'2017-05-23 06:59:54','2017-05-23 06:59:54'),(20,1,106,1582398000000,220,'2017-05-23 06:59:55','2017-05-23 06:59:55'),(21,1,123,1588446000000,475,'2017-05-23 07:00:09','2017-05-23 07:00:09'),(22,1,123,1588532400000,500,'2017-05-23 07:00:11','2017-05-23 07:00:11'),(23,1,123,1588618800000,680,'2017-05-23 07:00:13','2017-05-23 07:00:13'),(24,1,123,1588618800000,680,'2017-05-23 07:00:13','2017-05-23 07:00:13'),(25,1,123,1588705200000,500,'2017-05-23 07:00:15','2017-05-23 07:00:15'),(26,1,123,1588705200000,680,'2017-05-23 07:00:15','2017-05-23 07:00:15'),(27,1,123,1588791600000,220,'2017-05-23 07:00:17','2017-05-23 07:00:17'),(28,1,123,1588791600000,680,'2017-05-23 07:00:19','2017-05-23 07:00:19'),(29,1,123,1588878000000,635,'2017-05-23 07:06:42','2017-05-23 07:06:42'),(30,1,123,1588878000000,680,'2017-05-23 07:06:42','2017-05-23 07:06:42'),(31,1,123,1588964400000,510,'2017-05-23 07:06:44','2017-05-23 07:06:44'),(32,1,123,1589050800000,350,'2017-05-23 07:06:46','2017-05-23 07:06:46'),(33,1,123,1589137200000,475,'2017-05-23 07:06:49','2017-05-23 07:06:49'),(34,1,123,1589223600000,350,'2017-05-23 07:06:50','2017-05-23 07:06:50'),(35,1,123,1589310000000,720,'2017-05-23 07:06:51','2017-05-23 07:06:51'),(36,1,123,1589396400000,750,'2017-05-23 07:06:52','2017-05-23 07:06:52'),(37,1,123,1589482800000,490,'2017-05-23 07:06:53','2017-05-23 07:06:53'),(38,1,123,1589569200000,680,'2017-05-23 07:06:54','2017-05-23 07:06:54'),(39,1,123,1589655600000,720,'2017-05-23 07:06:55','2017-05-23 07:06:55'),(40,1,123,1589742000000,500,'2017-05-23 07:06:56','2017-05-23 07:06:56'),(41,1,123,1589828400000,490,'2017-05-23 07:06:57','2017-05-23 07:06:57'),(42,1,123,1589914800000,635,'2017-05-23 07:06:58','2017-05-23 07:06:58'),(43,1,123,1590001200000,660,'2017-05-23 07:06:59','2017-05-23 07:06:59'),(44,1,123,1590087600000,815,'2017-05-23 07:07:00','2017-05-23 07:07:00'),(45,1,123,1590174000000,660,'2017-05-23 07:10:42','2017-05-23 07:10:42'),(46,1,123,1590260400000,220,'2017-05-23 07:10:43','2017-05-23 07:10:43'),(47,1,123,1590346800000,550,'2017-05-23 07:10:44','2017-05-23 07:10:44'),(48,1,123,1590433200000,635,'2017-05-23 07:10:45','2017-05-23 07:10:45'),(49,1,123,1590519600000,490,'2017-05-23 07:10:46','2017-05-23 07:10:46'),(50,1,123,1590606000000,460,'2017-05-23 07:10:47','2017-05-23 07:10:47'),(51,1,123,1590692400000,720,'2017-05-23 07:10:48','2017-05-23 07:10:48'),(52,1,123,1590778800000,350,'2017-05-23 07:10:49','2017-05-23 07:10:49'),(53,1,123,1590865200000,710,'2017-05-23 07:10:50','2017-05-23 07:10:50'),(54,1,123,1590951600000,460,'2017-05-23 07:10:51','2017-05-23 07:10:51'),(55,1,123,1591038000000,680,'2017-05-23 07:10:52','2017-05-23 07:10:52'),(56,1,123,1591124400000,815,'2017-05-23 07:10:53','2017-05-23 07:10:53'),(57,1,123,1591210800000,660,'2017-05-23 07:10:54','2017-05-23 07:10:54'),(58,1,123,1591297200000,680,'2017-05-23 07:10:55','2017-05-23 07:10:55'),(59,1,123,1591383600000,635,'2017-05-23 07:10:56','2017-05-23 07:10:56'),(60,1,123,1591470000000,490,'2017-05-23 07:10:57','2017-05-23 07:10:57'),(61,1,123,1591556400000,510,'2017-05-23 07:10:58','2017-05-23 07:10:58'),(62,1,123,1591642800000,220,'2017-05-23 07:10:59','2017-05-23 07:10:59'),(63,1,123,1591729200000,815,'2017-05-23 07:11:00','2017-05-23 07:11:00'),(64,1,123,1591815600000,475,'2017-05-23 07:11:01','2017-05-23 07:11:01'),(65,1,123,1591902000000,220,'2017-05-23 07:11:02','2017-05-23 07:11:02'),(66,1,123,1591988400000,220,'2017-05-23 07:11:03','2017-05-23 07:11:03'),(67,1,123,1592074800000,680,'2017-05-23 07:11:04','2017-05-23 07:11:04'),(68,1,123,1592161200000,350,'2017-05-23 07:11:05','2017-05-23 07:11:05'),(69,1,123,1592247600000,350,'2017-05-23 07:11:06','2017-05-23 07:11:06'),(70,1,123,1592334000000,612,'2017-05-23 07:11:07','2017-05-23 07:11:07'),(71,1,123,1592420400000,660,'2017-05-23 07:11:08','2017-05-23 07:11:08'),(72,1,123,1592506800000,815,'2017-05-23 07:11:09','2017-05-23 07:11:09'),(73,1,123,1592593200000,400,'2017-05-23 07:11:10','2017-05-23 07:11:10'),(74,1,123,1592679600000,635,'2017-05-23 07:11:11','2017-05-23 07:11:11'),(75,1,123,1592766000000,220,'2017-05-23 07:11:12','2017-05-23 07:11:12'),(76,1,123,1592852400000,590,'2017-05-23 07:11:13','2017-05-23 07:11:13'),(77,1,123,1592938800000,490,'2017-05-23 07:11:14','2017-05-23 07:11:14'),(78,1,123,1593025200000,710,'2017-05-23 07:11:15','2017-05-23 07:11:15'),(79,1,123,1593111600000,750,'2017-05-23 07:11:16','2017-05-23 07:11:16'),(80,1,123,1593198000000,460,'2017-05-23 07:11:17','2017-05-23 07:11:17'),(81,1,123,1593284400000,590,'2017-05-23 07:11:18','2017-05-23 07:11:18'),(82,1,123,1593370800000,400,'2017-05-23 07:11:19','2017-05-23 07:11:19'),(83,1,123,1593457200000,510,'2017-05-23 07:11:20','2017-05-23 07:11:20'),(84,1,123,1593543600000,635,'2017-05-23 07:11:21','2017-05-23 07:11:21'),(85,1,123,1593630000000,475,'2017-05-23 07:11:22','2017-05-23 07:11:22'),(86,1,123,1593716400000,550,'2017-05-23 07:11:23','2017-05-23 07:11:23'),(87,1,123,1593802800000,460,'2017-05-23 07:11:24','2017-05-23 07:11:24'),(88,1,123,1593889200000,660,'2017-05-23 07:11:25','2017-05-23 07:11:25'),(89,1,123,1593975600000,680,'2017-05-23 07:11:26','2017-05-23 07:11:26'),(90,1,123,1594062000000,510,'2017-05-23 07:11:27','2017-05-23 07:11:27'),(91,1,123,1594148400000,612,'2017-05-23 07:11:28','2017-05-23 07:11:28'),(92,1,123,1594234800000,660,'2017-05-23 07:11:29','2017-05-23 07:11:29'),(93,1,123,1594321200000,350,'2017-05-23 07:11:30','2017-05-23 07:11:30'),(94,1,123,1594407600000,710,'2017-05-23 07:11:31','2017-05-23 07:11:31'),(95,1,123,1594494000000,220,'2017-05-23 07:11:32','2017-05-23 07:11:32'),(96,1,123,1594580400000,720,'2017-05-23 07:11:33','2017-05-23 07:11:33'),(97,1,123,1594666800000,750,'2017-05-23 07:11:34','2017-05-23 07:11:34'),(98,1,123,1594753200000,475,'2017-05-23 07:11:35','2017-05-23 07:11:35'),(99,1,123,1594839600000,590,'2017-05-23 07:11:36','2017-05-23 07:11:36'),(100,1,123,1594926000000,510,'2017-05-23 07:11:37','2017-05-23 07:11:37'),(101,1,123,1595012400000,490,'2017-05-23 07:11:38','2017-05-23 07:11:38'),(102,1,123,1595098800000,635,'2017-05-23 07:11:39','2017-05-23 07:11:39'),(103,1,123,1595185200000,475,'2017-05-23 07:11:40','2017-05-23 07:11:40'),(104,1,123,1595271600000,660,'2017-05-23 07:11:41','2017-05-23 07:11:41'),(105,1,123,1595358000000,475,'2017-05-23 07:11:42','2017-05-23 07:11:42'),(106,1,123,1595444400000,510,'2017-05-23 07:11:43','2017-05-23 07:11:43'),(107,1,123,1595530800000,510,'2017-05-23 07:11:44','2017-05-23 07:11:44'),(108,1,123,1595617200000,612,'2017-05-23 07:11:45','2017-05-23 07:11:45'),(109,1,123,1595703600000,815,'2017-05-23 07:11:47','2017-05-23 07:11:47'),(110,1,123,1595790000000,220,'2017-05-23 07:11:48','2017-05-23 07:11:48'),(111,1,123,1595876400000,350,'2017-05-23 07:11:49','2017-05-23 07:11:49'),(112,1,123,1595962800000,710,'2017-05-23 07:11:50','2017-05-23 07:11:50'),(113,1,123,1596049200000,750,'2017-05-23 07:11:51','2017-05-23 07:11:51'),(114,1,123,1596135600000,815,'2017-05-23 07:11:52','2017-05-23 07:11:52'),(115,1,123,1596222000000,550,'2017-05-23 07:11:53','2017-05-23 07:11:53'),(116,1,123,1596308400000,460,'2017-05-23 07:11:54','2017-05-23 07:11:54'),(117,1,123,1596394800000,660,'2017-05-23 07:11:55','2017-05-23 07:11:55'),(118,1,123,1596481200000,220,'2017-05-23 07:11:56','2017-05-23 07:11:56'),(119,1,123,1596567600000,590,'2017-05-23 07:11:57','2017-05-23 07:11:57'),(120,1,123,1596654000000,590,'2017-05-23 07:11:58','2017-05-23 07:11:58'),(121,1,123,1596740400000,490,'2017-05-23 07:11:59','2017-05-23 07:11:59'),(122,1,123,1596826800000,590,'2017-05-23 07:12:00','2017-05-23 07:12:00'),(123,1,123,1596913200000,635,'2017-05-23 07:12:01','2017-05-23 07:12:01'),(124,1,123,1596999600000,720,'2017-05-23 07:12:02','2017-05-23 07:12:02'),(125,1,123,1597086000000,815,'2017-05-23 07:12:03','2017-05-23 07:12:03'),(126,1,123,1597172400000,590,'2017-05-23 07:12:04','2017-05-23 07:12:04'),(127,1,123,1597258800000,590,'2017-05-23 07:12:05','2017-05-23 07:12:05'),(128,1,123,1597345200000,490,'2017-05-23 07:12:06','2017-05-23 07:12:06'),(129,1,123,1597431600000,220,'2017-05-23 07:12:07','2017-05-23 07:12:07'),(130,1,123,1597518000000,460,'2017-05-23 07:12:08','2017-05-23 07:12:08'),(131,1,123,1597604400000,510,'2017-05-23 07:12:09','2017-05-23 07:12:09'),(132,1,123,1597690800000,475,'2017-05-23 07:12:10','2017-05-23 07:12:10'),(133,1,123,1597777200000,750,'2017-05-23 07:12:11','2017-05-23 07:12:11'),(134,1,123,1597863600000,500,'2017-05-23 07:12:12','2017-05-23 07:12:12'),(135,1,123,1597950000000,750,'2017-05-23 07:12:13','2017-05-23 07:12:13'),(136,1,123,1598036400000,475,'2017-05-23 07:12:14','2017-05-23 07:12:14'),(137,1,123,1598122800000,660,'2017-05-23 07:12:15','2017-05-23 07:12:15'),(138,1,123,1598209200000,590,'2017-05-23 07:12:16','2017-05-23 07:12:16'),(139,1,123,1598295600000,510,'2017-05-23 07:12:17','2017-05-23 07:12:17'),(140,1,123,1598382000000,475,'2017-05-23 07:12:18','2017-05-23 07:12:18'),(141,1,123,1598468400000,510,'2017-05-23 07:12:19','2017-05-23 07:12:19'),(142,1,123,1598554800000,635,'2017-05-23 07:12:20','2017-05-23 07:12:20'),(143,1,123,1598641200000,220,'2017-05-23 07:12:21','2017-05-23 07:12:21'),(144,1,123,1598727600000,612,'2017-05-23 07:12:22','2017-05-23 07:12:22'),(145,1,123,1598814000000,500,'2017-05-23 07:12:23','2017-05-23 07:12:23'),(146,1,123,1598900400000,710,'2017-05-23 07:12:24','2017-05-23 07:12:24'),(147,1,123,1598986800000,490,'2017-05-23 07:12:25','2017-05-23 07:12:25'),(148,1,123,1599073200000,460,'2017-05-23 07:12:26','2017-05-23 07:12:26'),(149,1,123,1599159600000,612,'2017-05-23 07:12:27','2017-05-23 07:12:27'),(150,1,123,1599246000000,500,'2017-05-23 07:12:28','2017-05-23 07:12:28'),(151,1,123,1599332400000,550,'2017-05-23 07:12:29','2017-05-23 07:12:29'),(152,1,123,1599418800000,680,'2017-05-23 07:12:31','2017-05-23 07:12:31'),(153,1,123,1599505200000,720,'2017-05-23 07:12:31','2017-05-23 07:12:31'),(154,1,123,1599591600000,680,'2017-05-23 07:12:32','2017-05-23 07:12:32'),(155,1,123,1599678000000,475,'2017-05-23 07:12:33','2017-05-23 07:12:33'),(156,1,123,1599764400000,750,'2017-05-23 07:12:34','2017-05-23 07:12:34'),(157,1,123,1599850800000,660,'2017-05-23 07:12:35','2017-05-23 07:12:35'),(158,1,123,1599937200000,500,'2017-05-23 07:12:36','2017-05-23 07:12:36'),(159,1,123,1600023600000,475,'2017-05-23 07:12:37','2017-05-23 07:12:37'),(160,1,123,1600110000000,710,'2017-05-23 07:12:38','2017-05-23 07:12:38'),(161,1,123,1600196400000,220,'2017-05-23 07:12:39','2017-05-23 07:12:39'),(162,1,123,1600282800000,460,'2017-05-23 07:12:40','2017-05-23 07:12:40'),(163,1,123,1600369200000,475,'2017-05-23 07:12:41','2017-05-23 07:12:41'),(164,1,123,1600455600000,550,'2017-05-23 07:12:42','2017-05-23 07:12:42'),(165,1,123,1600542000000,400,'2017-05-23 07:12:43','2017-05-23 07:12:43'),(166,1,123,1600628400000,490,'2017-05-23 07:12:44','2017-05-23 07:12:44'),(167,1,123,1600714800000,220,'2017-05-23 07:12:45','2017-05-23 07:12:45'),(168,1,123,1600801200000,475,'2017-05-23 07:12:46','2017-05-23 07:12:46'),(169,1,123,1600887600000,710,'2017-05-23 07:12:47','2017-05-23 07:12:47'),(170,1,123,1600974000000,550,'2017-05-23 07:12:48','2017-05-23 07:12:48'),(171,1,123,1601060400000,475,'2017-05-23 07:12:49','2017-05-23 07:12:49'),(172,1,123,1601146800000,400,'2017-05-23 07:12:50','2017-05-23 07:12:50'),(173,1,123,1601233200000,475,'2017-05-23 07:12:51','2017-05-23 07:12:51'),(174,1,123,1601319600000,750,'2017-05-23 07:12:52','2017-05-23 07:12:52'),(175,1,123,1601406000000,590,'2017-05-23 07:12:53','2017-05-23 07:12:53'),(176,1,123,1601492400000,400,'2017-05-23 07:12:54','2017-05-23 07:12:54'),(177,1,123,1601578800000,635,'2017-05-23 07:12:55','2017-05-23 07:12:55'),(178,1,123,1601665200000,612,'2017-05-23 07:12:56','2017-05-23 07:12:56'),(179,1,123,1601751600000,750,'2017-05-23 07:12:57','2017-05-23 07:12:57'),(180,1,123,1601838000000,350,'2017-05-23 07:12:58','2017-05-23 07:12:58'),(181,1,123,1601924400000,815,'2017-05-23 07:12:59','2017-05-23 07:12:59'),(182,1,123,1602010800000,612,'2017-05-23 07:13:00','2017-05-23 07:13:00'),(183,1,123,1602097200000,490,'2017-05-23 07:13:01','2017-05-23 07:13:01'),(184,1,123,1602183600000,612,'2017-05-23 07:13:02','2017-05-23 07:13:02'),(185,1,123,1602270000000,635,'2017-05-23 07:13:03','2017-05-23 07:13:03'),(186,1,123,1602356400000,510,'2017-05-23 07:13:04','2017-05-23 07:13:04'),(187,1,123,1602442800000,815,'2017-05-23 07:13:05','2017-05-23 07:13:05'),(188,1,123,1602529200000,350,'2017-05-23 07:13:06','2017-05-23 07:13:06'),(189,1,123,1602615600000,720,'2017-05-23 07:13:07','2017-05-23 07:13:07'),(190,1,123,1602702000000,475,'2017-05-23 07:13:08','2017-05-23 07:13:08'),(191,1,123,1602788400000,750,'2017-05-23 07:13:09','2017-05-23 07:13:09'),(192,1,123,1602874800000,350,'2017-05-23 07:13:10','2017-05-23 07:13:10'),(193,1,123,1602961200000,220,'2017-05-23 07:13:11','2017-05-23 07:13:11'),(194,1,123,1603047600000,500,'2017-05-23 07:13:12','2017-05-23 07:13:12'),(195,1,123,1603134000000,612,'2017-05-23 07:13:13','2017-05-23 07:13:13'),(196,1,123,1603220400000,500,'2017-05-23 07:13:14','2017-05-23 07:13:14'),(197,1,123,1603306800000,510,'2017-05-23 07:13:15','2017-05-23 07:13:15'),(198,1,123,1603393200000,750,'2017-05-23 07:13:16','2017-05-23 07:13:16'),(199,1,123,1603479600000,720,'2017-05-23 07:13:17','2017-05-23 07:13:17'),(200,1,123,1603566000000,815,'2017-05-23 07:13:18','2017-05-23 07:13:18'),(201,1,123,1603652400000,350,'2017-05-23 07:13:19','2017-05-23 07:13:19'),(202,1,123,1603738800000,475,'2017-05-23 07:13:20','2017-05-23 07:13:20'),(203,1,123,1603825200000,400,'2017-05-23 07:13:21','2017-05-23 07:13:21'),(204,1,123,1603911600000,720,'2017-05-23 07:13:22','2017-05-23 07:13:22'),(205,1,123,1603998000000,720,'2017-05-23 07:13:23','2017-05-23 07:13:23'),(206,1,123,1604084400000,350,'2017-05-23 07:13:24','2017-05-23 07:13:24'),(207,1,123,1604170800000,500,'2017-05-23 07:13:25','2017-05-23 07:13:25'),(208,1,123,1604257200000,710,'2017-05-23 07:13:26','2017-05-23 07:13:26'),(209,1,123,1604343600000,710,'2017-05-23 07:13:27','2017-05-23 07:13:27'),(210,1,123,1604430000000,350,'2017-05-23 07:13:28','2017-05-23 07:13:28'),(211,1,123,1604516400000,500,'2017-05-23 07:13:29','2017-05-23 07:13:29'),(212,1,123,1604602800000,500,'2017-05-23 07:13:30','2017-05-23 07:13:30'),(213,1,123,1604689200000,710,'2017-05-23 07:13:31','2017-05-23 07:13:31'),(214,1,123,1604775600000,550,'2017-05-23 07:13:32','2017-05-23 07:13:32'),(215,1,123,1604862000000,660,'2017-05-23 07:13:33','2017-05-23 07:13:33'),(216,1,123,1604948400000,490,'2017-05-23 07:13:34','2017-05-23 07:13:34'),(217,1,123,1605034800000,680,'2017-05-23 07:13:35','2017-05-23 07:13:35'),(218,1,123,1605121200000,220,'2017-05-23 07:13:36','2017-05-23 07:13:36'),(219,1,123,1605207600000,510,'2017-05-23 07:13:37','2017-05-23 07:13:37'),(220,1,123,1605294000000,680,'2017-05-23 07:13:38','2017-05-23 07:13:38'),(221,1,123,1605380400000,460,'2017-05-23 07:13:39','2017-05-23 07:13:39'),(222,1,123,1605466800000,490,'2017-05-23 07:13:40','2017-05-23 07:13:40'),(223,1,123,1605553200000,590,'2017-05-23 07:13:41','2017-05-23 07:13:41'),(224,1,123,1605639600000,350,'2017-05-23 07:13:42','2017-05-23 07:13:42'),(225,1,123,1605726000000,475,'2017-05-23 07:13:43','2017-05-23 07:13:43'),(226,1,123,1605812400000,220,'2017-05-23 07:13:44','2017-05-23 07:13:44'),(227,1,123,1605898800000,660,'2017-05-23 07:13:45','2017-05-23 07:13:45'),(228,1,123,1605985200000,815,'2017-05-23 07:13:46','2017-05-23 07:13:46'),(229,1,123,1606071600000,720,'2017-05-23 07:13:47','2017-05-23 07:13:47'),(230,1,123,1606158000000,815,'2017-05-23 07:13:48','2017-05-23 07:13:48'),(231,1,123,1606244400000,720,'2017-05-23 07:13:49','2017-05-23 07:13:49'),(232,1,123,1606330800000,720,'2017-05-23 07:13:50','2017-05-23 07:13:50'),(233,1,123,1606417200000,400,'2017-05-23 07:13:51','2017-05-23 07:13:51'),(234,1,123,1606503600000,475,'2017-05-23 07:13:52','2017-05-23 07:13:52'),(235,1,123,1606590000000,510,'2017-05-23 07:13:53','2017-05-23 07:13:53'),(236,1,123,1606676400000,490,'2017-05-23 07:13:54','2017-05-23 07:13:54'),(237,1,123,1606762800000,635,'2017-05-23 07:13:55','2017-05-23 07:13:55'),(238,1,123,1606849200000,550,'2017-05-23 07:13:56','2017-05-23 07:13:56'),(239,1,123,1606935600000,750,'2017-05-23 07:13:57','2017-05-23 07:13:57'),(240,1,123,1607022000000,500,'2017-05-23 07:13:58','2017-05-23 07:13:58'),(241,1,123,1607108400000,750,'2017-05-23 07:13:59','2017-05-23 07:13:59'),(242,1,123,1607194800000,635,'2017-05-23 07:14:00','2017-05-23 07:14:00'),(243,1,123,1607281200000,710,'2017-05-23 07:14:01','2017-05-23 07:14:01'),(244,1,123,1607367600000,680,'2017-05-23 07:14:02','2017-05-23 07:14:02'),(245,1,123,1607454000000,500,'2017-05-23 07:14:03','2017-05-23 07:14:03'),(246,1,123,1607540400000,500,'2017-05-23 07:14:04','2017-05-23 07:14:04'),(247,1,123,1607626800000,710,'2017-05-23 07:14:05','2017-05-23 07:14:05'),(248,1,123,1607713200000,460,'2017-05-23 07:14:06','2017-05-23 07:14:06'),(249,1,123,1607799600000,500,'2017-05-23 07:14:07','2017-05-23 07:14:07'),(250,1,123,1607886000000,815,'2017-05-23 07:14:08','2017-05-23 07:14:08'),(251,1,123,1607972400000,720,'2017-05-23 07:14:09','2017-05-23 07:14:09'),(252,1,123,1608058800000,720,'2017-05-23 07:14:10','2017-05-23 07:14:10'),(253,1,123,1608145200000,490,'2017-05-23 07:14:11','2017-05-23 07:14:11'),(254,1,123,1608231600000,680,'2017-05-23 07:14:12','2017-05-23 07:14:12'),(255,1,123,1608318000000,710,'2017-05-23 07:14:13','2017-05-23 07:14:13'),(256,1,123,1608404400000,510,'2017-05-23 07:14:14','2017-05-23 07:14:14'),(257,1,123,1608490800000,612,'2017-05-23 07:14:15','2017-05-23 07:14:15'),(258,1,123,1608577200000,815,'2017-05-23 07:14:16','2017-05-23 07:14:16'),(259,1,123,1608663600000,510,'2017-05-23 07:14:17','2017-05-23 07:14:17'),(260,1,123,1608750000000,500,'2017-05-23 07:14:18','2017-05-23 07:14:18'),(261,1,123,1608836400000,350,'2017-05-23 07:14:19','2017-05-23 07:14:19'),(262,1,123,1608922800000,500,'2017-05-23 07:14:20','2017-05-23 07:14:20'),(263,1,123,1609009200000,612,'2017-05-23 07:14:21','2017-05-23 07:14:21'),(264,1,123,1609095600000,475,'2017-05-23 07:14:22','2017-05-23 07:14:22'),(265,1,123,1609182000000,612,'2017-05-23 07:14:23','2017-05-23 07:14:23'),(266,1,123,1609268400000,590,'2017-05-23 07:14:24','2017-05-23 07:14:24'),(267,1,123,1609354800000,750,'2017-05-23 07:14:25','2017-05-23 07:14:25'),(268,1,123,1609441200000,475,'2017-05-23 07:14:26','2017-05-23 07:14:26'),(269,1,123,1609527600000,710,'2017-05-23 07:14:27','2017-05-23 07:14:27'),(270,1,123,1609614000000,612,'2017-05-23 07:14:28','2017-05-23 07:14:28'),(271,1,123,1609700400000,500,'2017-05-23 07:14:29','2017-05-23 07:14:29'),(272,1,123,1609786800000,710,'2017-05-23 07:14:30','2017-05-23 07:14:30'),(273,1,123,1609873200000,612,'2017-05-23 07:14:31','2017-05-23 07:14:31'),(274,1,123,1609959600000,500,'2017-05-23 07:14:32','2017-05-23 07:14:32'),(275,1,123,1610046000000,720,'2017-05-23 07:14:33','2017-05-23 07:14:33'),(276,1,123,1610132400000,590,'2017-05-23 07:14:34','2017-05-23 07:14:34'),(277,1,123,1610218800000,710,'2017-05-23 07:14:35','2017-05-23 07:14:35'),(278,1,123,1610305200000,680,'2017-05-23 07:14:36','2017-05-23 07:14:36'),(279,1,123,1610391600000,400,'2017-05-23 07:14:37','2017-05-23 07:14:37'),(280,1,123,1610478000000,590,'2017-05-23 07:14:38','2017-05-23 07:14:38'),(281,1,123,1610564400000,220,'2017-05-23 07:14:39','2017-05-23 07:14:39'),(282,1,123,1610650800000,635,'2017-05-23 07:14:40','2017-05-23 07:14:40'),(283,1,123,1610737200000,680,'2017-05-23 07:14:41','2017-05-23 07:14:41'),(284,1,123,1610823600000,220,'2017-05-23 07:14:42','2017-05-23 07:14:42'),(285,1,123,1610910000000,660,'2017-05-23 07:14:43','2017-05-23 07:14:43'),(286,1,123,1610996400000,475,'2017-05-23 07:14:44','2017-05-23 07:14:44'),(287,1,123,1611082800000,815,'2017-05-23 07:14:45','2017-05-23 07:14:45'),(288,1,123,1611169200000,750,'2017-05-23 07:14:46','2017-05-23 07:14:46'),(289,1,123,1611255600000,220,'2017-05-23 07:14:47','2017-05-23 07:14:47'),(290,1,123,1611342000000,475,'2017-05-23 07:14:48','2017-05-23 07:14:48'),(291,1,123,1611428400000,475,'2017-05-23 07:14:49','2017-05-23 07:14:49'),(292,1,123,1611514800000,220,'2017-05-23 07:14:50','2017-05-23 07:14:50'),(293,1,123,1611601200000,400,'2017-05-23 07:14:51','2017-05-23 07:14:51'),(294,1,123,1611687600000,750,'2017-05-23 07:14:52','2017-05-23 07:14:52'),(295,1,123,1611774000000,710,'2017-05-23 07:14:53','2017-05-23 07:14:53'),(296,1,123,1611860400000,350,'2017-05-23 07:14:54','2017-05-23 07:14:54'),(297,1,123,1611946800000,680,'2017-05-23 07:14:55','2017-05-23 07:14:55'),(298,1,123,1612033200000,550,'2017-05-23 07:14:56','2017-05-23 07:14:56'),(299,1,123,1612119600000,400,'2017-05-23 07:14:57','2017-05-23 07:14:57'),(300,1,123,1612206000000,350,'2017-05-23 07:14:58','2017-05-23 07:14:58'),(301,1,123,1612292400000,710,'2017-05-23 07:14:59','2017-05-23 07:14:59'),(302,1,123,1612378800000,815,'2017-05-23 07:15:00','2017-05-23 07:15:00'),(303,1,123,1612465200000,612,'2017-05-23 07:15:01','2017-05-23 07:15:01'),(304,1,123,1612551600000,750,'2017-05-23 07:15:02','2017-05-23 07:15:02'),(305,1,123,1612638000000,550,'2017-05-23 07:15:03','2017-05-23 07:15:03'),(306,1,123,1612724400000,460,'2017-05-23 07:15:04','2017-05-23 07:15:04'),(307,1,123,1612810800000,475,'2017-05-23 07:15:05','2017-05-23 07:15:05'),(308,1,123,1612897200000,720,'2017-05-23 07:15:06','2017-05-23 07:15:06'),(309,1,123,1612983600000,460,'2017-05-23 07:15:07','2017-05-23 07:15:07'),(310,1,123,1613070000000,350,'2017-05-23 07:15:08','2017-05-23 07:15:08'),(311,1,123,1613156400000,475,'2017-05-23 07:15:09','2017-05-23 07:15:09'),(312,1,123,1613242800000,660,'2017-05-23 07:15:10','2017-05-23 07:15:10'),(313,1,123,1613329200000,490,'2017-05-23 07:15:11','2017-05-23 07:15:11'),(314,1,123,1613415600000,500,'2017-05-23 07:15:12','2017-05-23 07:15:12'),(315,1,123,1613502000000,720,'2017-05-23 07:15:13','2017-05-23 07:15:13'),(316,1,123,1613588400000,680,'2017-05-23 07:15:14','2017-05-23 07:15:14'),(317,1,123,1613674800000,490,'2017-05-23 07:15:15','2017-05-23 07:15:15'),(318,1,123,1613761200000,490,'2017-05-23 07:15:16','2017-05-23 07:15:16'),(319,1,123,1613847600000,350,'2017-05-23 07:15:17','2017-05-23 07:15:17'),(320,1,123,1613934000000,510,'2017-05-23 07:15:18','2017-05-23 07:15:18'),(321,1,123,1614020400000,815,'2017-05-23 07:15:19','2017-05-23 07:15:19'),(322,1,123,1614106800000,612,'2017-05-23 07:15:20','2017-05-23 07:15:20'),(323,1,123,1614193200000,750,'2017-05-23 07:15:21','2017-05-23 07:15:21'),(324,1,123,1614279600000,500,'2017-05-23 07:15:22','2017-05-23 07:15:22'),(325,1,123,1614366000000,815,'2017-05-23 07:15:23','2017-05-23 07:15:23'),(326,1,123,1614452400000,490,'2017-05-23 07:15:24','2017-05-23 07:15:24'),(327,1,123,1614538800000,590,'2017-05-23 07:15:25','2017-05-23 07:15:25'),(328,1,123,1614625200000,815,'2017-05-23 07:15:26','2017-05-23 07:15:26'),(329,1,123,1614711600000,635,'2017-05-23 07:15:27','2017-05-23 07:15:27'),(330,1,123,1614798000000,612,'2017-05-23 07:15:28','2017-05-23 07:15:28'),(331,1,123,1614884400000,635,'2017-05-23 07:15:29','2017-05-23 07:15:29'),(332,1,123,1614970800000,350,'2017-05-23 07:15:30','2017-05-23 07:15:30'),(333,1,123,1615057200000,680,'2017-05-23 07:15:31','2017-05-23 07:15:31'),(334,1,123,1615143600000,460,'2017-05-23 07:15:32','2017-05-23 07:15:32'),(335,1,123,1615230000000,475,'2017-05-23 07:15:33','2017-05-23 07:15:33'),(336,1,123,1615316400000,815,'2017-05-23 07:15:34','2017-05-23 07:15:34'),(337,1,123,1615402800000,660,'2017-05-23 07:15:35','2017-05-23 07:15:35'),(338,1,123,1615489200000,400,'2017-05-23 07:15:36','2017-05-23 07:15:36'),(339,1,123,1615575600000,720,'2017-05-23 07:15:37','2017-05-23 07:15:37'),(340,1,123,1615662000000,720,'2017-05-23 07:15:38','2017-05-23 07:15:38'),(341,1,123,1615748400000,660,'2017-05-23 07:15:39','2017-05-23 07:15:39'),(342,1,123,1615834800000,220,'2017-05-23 07:15:40','2017-05-23 07:15:40'),(343,1,123,1615921200000,510,'2017-05-23 07:15:41','2017-05-23 07:15:41'),(344,1,123,1616007600000,550,'2017-05-23 07:15:42','2017-05-23 07:15:42'),(345,1,123,1616094000000,660,'2017-05-23 07:15:43','2017-05-23 07:15:43'),(346,1,123,1616180400000,510,'2017-05-23 07:15:44','2017-05-23 07:15:44'),(347,1,123,1616266800000,590,'2017-05-23 07:15:45','2017-05-23 07:15:45'),(348,1,123,1616353200000,500,'2017-05-23 07:15:46','2017-05-23 07:15:46'),(349,1,123,1616439600000,350,'2017-05-23 07:15:47','2017-05-23 07:15:47'),(350,1,123,1616526000000,510,'2017-05-23 07:15:48','2017-05-23 07:15:48'),(351,1,123,1616612400000,720,'2017-05-23 07:15:49','2017-05-23 07:15:49'),(352,1,123,1616698800000,460,'2017-05-23 07:15:50','2017-05-23 07:15:50'),(353,1,123,1616871600000,490,'2017-05-23 07:15:52','2017-05-23 07:15:52'),(354,1,123,1616958000000,720,'2017-05-23 07:15:53','2017-05-23 07:15:53'),(355,1,123,1617044400000,612,'2017-05-23 07:15:54','2017-05-23 07:15:54'),(356,1,123,1617130800000,350,'2017-05-23 07:15:55','2017-05-23 07:15:55'),(357,1,123,1617217200000,510,'2017-05-23 07:15:56','2017-05-23 07:15:56'),(358,1,123,1617303600000,815,'2017-05-23 07:15:57','2017-05-23 07:15:57'),(359,1,123,1617390000000,680,'2017-05-23 07:15:58','2017-05-23 07:15:58'),(360,1,123,1617476400000,550,'2017-05-23 07:15:59','2017-05-23 07:15:59'),(361,1,123,1617562800000,680,'2017-05-23 07:16:00','2017-05-23 07:16:00'),(362,1,123,1617649200000,550,'2017-05-23 07:16:01','2017-05-23 07:16:01'),(363,1,123,1617735600000,510,'2017-05-23 07:16:02','2017-05-23 07:16:02'),(364,1,123,1617822000000,720,'2017-05-23 07:16:03','2017-05-23 07:16:03'),(365,1,123,1617908400000,220,'2017-05-23 07:16:04','2017-05-23 07:16:04'),(366,1,123,1617994800000,460,'2017-05-23 07:16:05','2017-05-23 07:16:05'),(367,1,123,1618081200000,500,'2017-05-23 07:16:06','2017-05-23 07:16:06'),(368,1,123,1618167600000,510,'2017-05-23 07:16:07','2017-05-23 07:16:07'),(369,1,123,1618254000000,680,'2017-05-23 07:16:08','2017-05-23 07:16:08'),(370,1,123,1618340400000,475,'2017-05-23 07:16:09','2017-05-23 07:16:09'),(371,1,123,1618426800000,720,'2017-05-23 07:16:10','2017-05-23 07:16:10'),(372,1,123,1618513200000,475,'2017-05-23 07:16:11','2017-05-23 07:16:11'),(373,1,123,1618599600000,710,'2017-05-23 07:16:12','2017-05-23 07:16:12'),(374,1,123,1618686000000,635,'2017-05-23 07:16:13','2017-05-23 07:16:13'),(375,1,123,1618772400000,612,'2017-05-23 07:16:14','2017-05-23 07:16:14'),(376,1,123,1618858800000,612,'2017-05-23 07:16:15','2017-05-23 07:16:15'),(377,1,123,1618945200000,635,'2017-05-23 07:16:16','2017-05-23 07:16:16'),(378,1,123,1619031600000,590,'2017-05-23 07:16:17','2017-05-23 07:16:17'),(379,1,123,1619118000000,490,'2017-05-23 07:16:18','2017-05-23 07:16:18'),(380,1,123,1619204400000,710,'2017-05-23 07:16:19','2017-05-23 07:16:19'),(381,1,123,1619290800000,612,'2017-05-23 07:16:20','2017-05-23 07:16:20'),(382,1,123,1619377200000,500,'2017-05-23 07:16:21','2017-05-23 07:16:21'),(383,1,123,1619463600000,750,'2017-05-23 07:16:22','2017-05-23 07:16:22'),(384,1,123,1619550000000,635,'2017-05-23 07:16:23','2017-05-23 07:16:23'),(385,1,123,1619636400000,475,'2017-05-23 07:16:24','2017-05-23 07:16:24'),(386,1,123,1619722800000,350,'2017-05-23 07:16:25','2017-05-23 07:16:25'),(387,1,123,1619809200000,550,'2017-05-23 07:16:26','2017-05-23 07:16:26'),(388,1,123,1619895600000,710,'2017-05-23 07:16:27','2017-05-23 07:16:27'),(389,1,123,1619982000000,475,'2017-05-23 07:16:28','2017-05-23 07:16:28'),(390,1,123,1620068400000,400,'2017-05-23 07:16:29','2017-05-23 07:16:29'),(391,1,123,1620154800000,815,'2017-05-23 07:16:30','2017-05-23 07:16:30'),(392,1,123,1620241200000,612,'2017-05-23 07:16:31','2017-05-23 07:16:31'),(393,1,123,1620327600000,510,'2017-05-23 07:16:32','2017-05-23 07:16:32'),(394,1,123,1620414000000,815,'2017-05-23 07:16:33','2017-05-23 07:16:33'),(395,1,123,1620500400000,710,'2017-05-23 07:16:34','2017-05-23 07:16:34'),(396,1,123,1620586800000,490,'2017-05-23 07:16:35','2017-05-23 07:16:35'),(397,1,123,1620673200000,500,'2017-05-23 07:16:36','2017-05-23 07:16:36'),(398,1,123,1620759600000,400,'2017-05-23 07:16:37','2017-05-23 07:16:37'),(399,1,123,1620846000000,220,'2017-05-23 07:16:38','2017-05-23 07:16:38'),(400,1,123,1620932400000,815,'2017-05-23 07:16:39','2017-05-23 07:16:39'),(401,1,123,1621018800000,475,'2017-05-23 07:16:40','2017-05-23 07:16:40'),(402,1,123,1621105200000,720,'2017-05-23 07:16:41','2017-05-23 07:16:41'),(403,1,123,1621191600000,815,'2017-05-23 07:16:42','2017-05-23 07:16:42'),(404,1,123,1621278000000,710,'2017-05-23 07:16:43','2017-05-23 07:16:43'),(405,1,123,1621364400000,750,'2017-05-23 07:16:44','2017-05-23 07:16:44'),(406,1,123,1621450800000,350,'2017-05-23 07:16:45','2017-05-23 07:16:45'),(407,1,123,1621537200000,475,'2017-05-23 07:16:46','2017-05-23 07:16:46'),(408,1,123,1621623600000,550,'2017-05-23 07:16:47','2017-05-23 07:16:47'),(409,1,123,1621710000000,680,'2017-05-23 07:16:48','2017-05-23 07:16:48'),(410,1,123,1621796400000,750,'2017-05-23 07:16:49','2017-05-23 07:16:49'),(411,1,123,1621882800000,350,'2017-05-23 07:16:50','2017-05-23 07:16:50'),(412,1,123,1621969200000,550,'2017-05-23 07:16:51','2017-05-23 07:16:51'),(413,1,123,1622055600000,660,'2017-05-23 07:16:52','2017-05-23 07:16:52'),(414,1,123,1622142000000,400,'2017-05-23 07:16:53','2017-05-23 07:16:53'),(415,1,123,1622228400000,750,'2017-05-23 07:16:54','2017-05-23 07:16:54'),(416,1,123,1622314800000,475,'2017-05-23 07:16:55','2017-05-23 07:16:55'),(417,1,123,1622401200000,815,'2017-05-23 07:16:56','2017-05-23 07:16:56'),(418,1,123,1622487600000,350,'2017-05-23 07:16:57','2017-05-23 07:16:57'),(419,1,123,1622574000000,720,'2017-05-23 07:16:58','2017-05-23 07:16:58'),(420,1,123,1622660400000,660,'2017-05-23 07:16:59','2017-05-23 07:16:59'),(421,1,123,1622746800000,660,'2017-05-23 07:17:00','2017-05-23 07:17:00'),(422,1,123,1622833200000,350,'2017-05-23 07:17:01','2017-05-23 07:17:01'),(423,1,123,1622919600000,635,'2017-05-23 07:17:02','2017-05-23 07:17:02'),(424,1,123,1623006000000,475,'2017-05-23 07:17:03','2017-05-23 07:17:03'),(425,1,123,1623092400000,635,'2017-05-23 07:17:04','2017-05-23 07:17:04'),(426,1,123,1623178800000,500,'2017-05-23 07:17:05','2017-05-23 07:17:05'),(427,1,123,1623265200000,710,'2017-05-23 07:17:06','2017-05-23 07:17:06'),(428,1,123,1623351600000,550,'2017-05-23 07:17:07','2017-05-23 07:17:07'),(429,1,123,1623438000000,660,'2017-05-23 07:17:08','2017-05-23 07:17:08'),(430,1,123,1623524400000,635,'2017-05-23 07:17:09','2017-05-23 07:17:09'),(431,1,123,1623610800000,660,'2017-05-23 07:17:10','2017-05-23 07:17:10'),(432,1,123,1623697200000,490,'2017-05-23 07:17:11','2017-05-23 07:17:11'),(433,1,123,1623783600000,510,'2017-05-23 07:17:12','2017-05-23 07:17:12'),(434,1,123,1623870000000,510,'2017-05-23 07:17:13','2017-05-23 07:17:13'),(435,1,123,1623956400000,400,'2017-05-23 07:17:14','2017-05-23 07:17:14'),(436,1,123,1624042800000,590,'2017-05-23 07:17:15','2017-05-23 07:17:15'),(437,1,123,1624129200000,680,'2017-05-23 07:17:16','2017-05-23 07:17:16'),(438,1,123,1624215600000,612,'2017-05-23 07:17:17','2017-05-23 07:17:17'),(439,1,123,1624302000000,500,'2017-05-23 07:17:18','2017-05-23 07:17:18'),(440,1,123,1624388400000,550,'2017-05-23 07:17:19','2017-05-23 07:17:19'),(441,1,123,1624474800000,710,'2017-05-23 07:17:20','2017-05-23 07:17:20'),(442,1,123,1624561200000,635,'2017-05-23 07:17:21','2017-05-23 07:17:21'),(443,1,123,1624647600000,510,'2017-05-23 07:17:22','2017-05-23 07:17:22'),(444,1,123,1624734000000,660,'2017-05-23 07:17:23','2017-05-23 07:17:23'),(445,1,123,1624820400000,510,'2017-05-23 07:17:24','2017-05-23 07:17:24'),(446,1,123,1624906800000,660,'2017-05-23 07:17:25','2017-05-23 07:17:25'),(447,1,123,1624993200000,680,'2017-05-23 07:17:26','2017-05-23 07:17:26'),(448,1,123,1625079600000,680,'2017-05-23 07:17:27','2017-05-23 07:17:27'),(449,1,123,1625166000000,710,'2017-05-23 07:17:28','2017-05-23 07:17:28'),(450,1,123,1625252400000,750,'2017-05-23 07:17:29','2017-05-23 07:17:29'),(451,1,123,1625338800000,660,'2017-05-23 07:17:30','2017-05-23 07:17:30'),(452,1,123,1625425200000,460,'2017-05-23 07:17:31','2017-05-23 07:17:31'),(453,1,123,1625511600000,720,'2017-05-23 07:17:32','2017-05-23 07:17:32'),(454,1,123,1625598000000,400,'2017-05-23 07:17:33','2017-05-23 07:17:33'),(455,1,123,1625684400000,635,'2017-05-23 07:17:34','2017-05-23 07:17:34'),(456,1,123,1625770800000,475,'2017-05-23 07:17:35','2017-05-23 07:17:35'),(457,1,123,1625857200000,400,'2017-05-23 07:17:36','2017-05-23 07:17:36'),(458,1,123,1625943600000,550,'2017-05-23 07:17:37','2017-05-23 07:17:37'),(459,1,123,1626030000000,500,'2017-05-23 07:17:38','2017-05-23 07:17:38'),(460,1,123,1626116400000,815,'2017-05-23 07:17:39','2017-05-23 07:17:39'),(461,1,123,1626202800000,750,'2017-05-23 07:17:40','2017-05-23 07:17:40'),(462,1,123,1626289200000,550,'2017-05-23 07:17:41','2017-05-23 07:17:41'),(463,1,123,1626375600000,475,'2017-05-23 07:17:42','2017-05-23 07:17:42'),(464,1,123,1626462000000,815,'2017-05-23 07:17:43','2017-05-23 07:17:43'),(465,1,123,1626548400000,680,'2017-05-23 07:17:44','2017-05-23 07:17:44'),(466,1,123,1626634800000,815,'2017-05-23 07:17:45','2017-05-23 07:17:45'),(467,1,123,1626721200000,750,'2017-05-23 07:17:46','2017-05-23 07:17:46'),(468,1,123,1626807600000,590,'2017-05-23 07:17:47','2017-05-23 07:17:47'),(469,1,123,1626894000000,720,'2017-05-23 07:17:48','2017-05-23 07:17:48'),(470,1,123,1626980400000,612,'2017-05-23 07:17:49','2017-05-23 07:17:49'),(471,1,123,1627066800000,220,'2017-05-23 07:17:50','2017-05-23 07:17:50'),(472,1,123,1627153200000,815,'2017-05-23 07:17:51','2017-05-23 07:17:51'),(473,1,123,1627239600000,475,'2017-05-23 07:17:52','2017-05-23 07:17:52'),(474,1,123,1627326000000,750,'2017-05-23 07:17:53','2017-05-23 07:17:53'),(475,1,123,1627412400000,612,'2017-05-23 07:17:54','2017-05-23 07:17:54'),(476,1,123,1627498800000,350,'2017-05-23 07:17:55','2017-05-23 07:17:55'),(477,1,123,1627585200000,350,'2017-05-23 07:17:56','2017-05-23 07:17:56'),(478,1,123,1627671600000,680,'2017-05-23 07:17:57','2017-05-23 07:17:57'),(479,1,123,1627758000000,490,'2017-05-23 07:17:58','2017-05-23 07:17:58'),(480,1,123,1627844400000,490,'2017-05-23 07:17:59','2017-05-23 07:17:59'),(481,1,123,1627930800000,750,'2017-05-23 07:18:00','2017-05-23 07:18:00'),(482,1,123,1628017200000,660,'2017-05-23 07:18:01','2017-05-23 07:18:01'),(483,1,123,1628103600000,750,'2017-05-23 07:18:02','2017-05-23 07:18:02'),(484,1,123,1628190000000,490,'2017-05-23 07:18:03','2017-05-23 07:18:03'),(485,1,123,1628276400000,635,'2017-05-23 07:18:04','2017-05-23 07:18:04'),(486,1,123,1628362800000,500,'2017-05-23 07:18:05','2017-05-23 07:18:05'),(487,1,123,1628449200000,612,'2017-05-23 07:18:06','2017-05-23 07:18:06'),(488,1,123,1628535600000,680,'2017-05-23 07:18:07','2017-05-23 07:18:07'),(489,1,123,1628622000000,635,'2017-05-23 07:18:08','2017-05-23 07:18:08'),(490,1,123,1628708400000,510,'2017-05-23 07:18:09','2017-05-23 07:18:09'),(491,1,123,1628794800000,660,'2017-05-23 07:18:10','2017-05-23 07:18:10'),(492,1,123,1628881200000,710,'2017-05-23 07:18:11','2017-05-23 07:18:11'),(493,1,123,1628967600000,815,'2017-05-23 07:18:12','2017-05-23 07:18:12'),(494,1,123,1629054000000,400,'2017-05-23 07:18:13','2017-05-23 07:18:13'),(495,1,123,1629140400000,815,'2017-05-23 07:18:14','2017-05-23 07:18:14'),(496,1,123,1629226800000,460,'2017-05-23 07:18:15','2017-05-23 07:18:15'),(497,1,123,1629313200000,590,'2017-05-23 07:18:16','2017-05-23 07:18:16'),(498,1,123,1629399600000,490,'2017-05-23 07:18:17','2017-05-23 07:18:17'),(499,1,123,1629486000000,590,'2017-05-23 07:18:18','2017-05-23 07:18:18'),(500,1,123,1629572400000,500,'2017-05-23 07:18:19','2017-05-23 07:18:19'),(501,1,123,1629658800000,612,'2017-05-23 07:18:20','2017-05-23 07:18:20'),(502,1,123,1629745200000,490,'2017-05-23 07:18:21','2017-05-23 07:18:21'),(503,1,123,1629831600000,460,'2017-05-23 07:18:22','2017-05-23 07:18:22'),(504,1,123,1629918000000,550,'2017-05-23 07:18:23','2017-05-23 07:18:23'),(505,1,123,1630004400000,612,'2017-05-23 07:18:24','2017-05-23 07:18:24'),(506,1,123,1630090800000,710,'2017-05-23 07:18:25','2017-05-23 07:18:25'),(507,1,123,1630177200000,590,'2017-05-23 07:18:26','2017-05-23 07:18:26'),(508,1,123,1630263600000,635,'2017-05-23 07:18:27','2017-05-23 07:18:27'),(509,1,123,1630350000000,475,'2017-05-23 07:18:28','2017-05-23 07:18:28'),(510,1,123,1630436400000,500,'2017-05-23 07:18:29','2017-05-23 07:18:29'),(511,1,123,1630522800000,350,'2017-05-23 07:18:30','2017-05-23 07:18:30'),(512,1,123,1630609200000,550,'2017-05-23 07:18:31','2017-05-23 07:18:31'),(513,1,123,1630695600000,510,'2017-05-23 07:18:32','2017-05-23 07:18:32'),(514,1,123,1630782000000,475,'2017-05-23 07:18:33','2017-05-23 07:18:33'),(515,1,123,1630868400000,220,'2017-05-23 07:18:34','2017-05-23 07:18:34'),(516,1,123,1630954800000,612,'2017-05-23 07:18:35','2017-05-23 07:18:35'),(517,1,123,1631041200000,460,'2017-05-23 07:18:36','2017-05-23 07:18:36'),(518,1,123,1631127600000,475,'2017-05-23 07:18:37','2017-05-23 07:18:37'),(519,1,123,1631214000000,460,'2017-05-23 07:18:38','2017-05-23 07:18:38'),(520,1,123,1631300400000,400,'2017-05-23 07:18:39','2017-05-23 07:18:39'),(521,1,123,1631386800000,815,'2017-05-23 07:18:40','2017-05-23 07:18:40'),(522,1,123,1631473200000,750,'2017-05-23 07:18:41','2017-05-23 07:18:41'),(523,1,123,1631559600000,680,'2017-05-23 07:18:42','2017-05-23 07:18:42'),(524,1,123,1631646000000,500,'2017-05-23 07:18:43','2017-05-23 07:18:43'),(525,1,123,1631732400000,612,'2017-05-23 07:18:44','2017-05-23 07:18:44'),(526,1,123,1631818800000,710,'2017-05-23 07:18:45','2017-05-23 07:18:45'),(527,1,123,1631905200000,400,'2017-05-23 07:18:46','2017-05-23 07:18:46'),(528,1,123,1631991600000,680,'2017-05-23 07:18:47','2017-05-23 07:18:47'),(529,1,123,1632078000000,350,'2017-05-23 07:18:48','2017-05-23 07:18:48'),(530,1,123,1632164400000,680,'2017-05-23 07:18:49','2017-05-23 07:18:49'),(531,1,123,1632250800000,460,'2017-05-23 07:18:50','2017-05-23 07:18:50'),(532,1,123,1632337200000,220,'2017-05-23 07:18:51','2017-05-23 07:18:51'),(533,1,123,1632423600000,750,'2017-05-23 07:18:52','2017-05-23 07:18:52'),(534,1,123,1632510000000,510,'2017-05-23 07:18:53','2017-05-23 07:18:53'),(535,1,123,1632596400000,220,'2017-05-23 07:18:54','2017-05-23 07:18:54'),(536,1,123,1632682800000,750,'2017-05-23 07:18:55','2017-05-23 07:18:55'),(537,1,123,1632769200000,500,'2017-05-23 07:18:56','2017-05-23 07:18:56'),(538,1,123,1632855600000,350,'2017-05-23 07:18:57','2017-05-23 07:18:57'),(539,1,123,1632942000000,660,'2017-05-23 07:18:58','2017-05-23 07:18:58'),(540,1,123,1633028400000,720,'2017-05-23 07:18:59','2017-05-23 07:18:59'),(541,1,123,1633114800000,500,'2017-05-23 07:19:00','2017-05-23 07:19:00'),(542,1,123,1633201200000,510,'2017-05-23 07:19:01','2017-05-23 07:19:01'),(543,1,123,1633287600000,350,'2017-05-23 07:19:02','2017-05-23 07:19:02'),(544,1,123,1633374000000,720,'2017-05-23 07:19:03','2017-05-23 07:19:03'),(545,1,123,1633460400000,750,'2017-05-23 07:19:04','2017-05-23 07:19:04'),(546,1,123,1633546800000,590,'2017-05-23 07:19:05','2017-05-23 07:19:05'),(547,1,123,1633633200000,490,'2017-05-23 07:19:06','2017-05-23 07:19:06'),(548,1,123,1633719600000,815,'2017-05-23 07:19:07','2017-05-23 07:19:07'),(549,1,123,1633806000000,510,'2017-05-23 07:19:08','2017-05-23 07:19:08'),(550,1,123,1633892400000,635,'2017-05-23 07:19:09','2017-05-23 07:19:09'),(551,1,123,1633978800000,710,'2017-05-23 07:19:10','2017-05-23 07:19:10'),(552,1,123,1634065200000,750,'2017-05-23 07:19:11','2017-05-23 07:19:11'),(553,1,123,1634151600000,475,'2017-05-23 07:19:12','2017-05-23 07:19:12'),(554,1,123,1634238000000,720,'2017-05-23 07:19:13','2017-05-23 07:19:13'),(555,1,123,1634324400000,680,'2017-05-23 07:19:14','2017-05-23 07:19:14'),(556,1,123,1634410800000,500,'2017-05-23 07:19:15','2017-05-23 07:19:15'),(557,1,123,1634497200000,635,'2017-05-23 07:19:16','2017-05-23 07:19:16'),(558,1,123,1634583600000,590,'2017-05-23 07:19:17','2017-05-23 07:19:17'),(559,1,123,1634670000000,710,'2017-05-23 07:19:18','2017-05-23 07:19:18'),(560,1,123,1634756400000,612,'2017-05-23 07:19:19','2017-05-23 07:19:19'),(561,1,123,1634842800000,460,'2017-05-23 07:19:20','2017-05-23 07:19:20'),(562,1,123,1634929200000,400,'2017-05-23 07:19:21','2017-05-23 07:19:21'),(563,1,123,1635015600000,500,'2017-05-23 07:19:22','2017-05-23 07:19:22'),(564,1,123,1635102000000,500,'2017-05-23 07:19:23','2017-05-23 07:19:23'),(565,1,123,1635188400000,500,'2017-05-23 07:19:24','2017-05-23 07:19:24'),(566,1,123,1635274800000,720,'2017-05-23 07:19:25','2017-05-23 07:19:25'),(567,1,123,1635361200000,460,'2017-05-23 07:19:26','2017-05-23 07:19:26'),(568,1,123,1635447600000,475,'2017-05-23 07:19:27','2017-05-23 07:19:27'),(569,1,123,1635534000000,612,'2017-05-23 07:19:28','2017-05-23 07:19:28'),(570,1,123,1635620400000,350,'2017-05-23 07:19:29','2017-05-23 07:19:29'),(571,1,123,1635706800000,635,'2017-05-23 07:19:30','2017-05-23 07:19:30'),(572,1,123,1635793200000,510,'2017-05-23 07:19:31','2017-05-23 07:19:31'),(573,1,123,1635879600000,720,'2017-05-23 07:19:33','2017-05-23 07:19:33'),(574,1,123,1635966000000,510,'2017-05-23 07:19:34','2017-05-23 07:19:34'),(575,1,123,1636052400000,510,'2017-05-23 07:19:35','2017-05-23 07:19:35'),(576,1,123,1636138800000,500,'2017-05-23 07:19:36','2017-05-23 07:19:36'),(577,1,123,1636225200000,680,'2017-05-23 07:19:37','2017-05-23 07:19:37'),(578,1,123,1636311600000,350,'2017-05-23 07:19:38','2017-05-23 07:19:38'),(579,1,123,1636398000000,710,'2017-05-23 07:19:39','2017-05-23 07:19:39'),(580,1,123,1636484400000,710,'2017-05-23 07:19:40','2017-05-23 07:19:40'),(581,1,123,1636570800000,510,'2017-05-23 07:19:41','2017-05-23 07:19:41'),(582,1,123,1636657200000,660,'2017-05-23 07:19:42','2017-05-23 07:19:42'),(583,1,123,1636743600000,460,'2017-05-23 07:19:43','2017-05-23 07:19:43'),(584,1,123,1636830000000,550,'2017-05-23 07:19:44','2017-05-23 07:19:44'),(585,1,123,1636916400000,680,'2017-05-23 07:19:45','2017-05-23 07:19:45'),(586,1,123,1637002800000,612,'2017-05-23 07:19:46','2017-05-23 07:19:46'),(587,1,123,1637089200000,460,'2017-05-23 07:19:47','2017-05-23 07:19:47'),(588,1,123,1637175600000,475,'2017-05-23 07:19:48','2017-05-23 07:19:48'),(589,1,123,1637262000000,350,'2017-05-23 07:19:49','2017-05-23 07:19:49'),(590,1,123,1637348400000,612,'2017-05-23 07:19:50','2017-05-23 07:19:50'),(591,1,123,1637434800000,475,'2017-05-23 07:19:51','2017-05-23 07:19:51'),(592,1,123,1637521200000,710,'2017-05-23 07:19:52','2017-05-23 07:19:52'),(593,1,123,1637607600000,460,'2017-05-23 07:19:53','2017-05-23 07:19:53'),(594,1,123,1637694000000,680,'2017-05-23 07:19:54','2017-05-23 07:19:54'),(595,1,123,1637780400000,490,'2017-05-23 07:19:55','2017-05-23 07:19:55'),(596,1,123,1637866800000,510,'2017-05-23 07:19:56','2017-05-23 07:19:56'),(597,1,123,1637953200000,660,'2017-05-23 07:19:57','2017-05-23 07:19:57'),(598,1,123,1638039600000,510,'2017-05-23 07:19:58','2017-05-23 07:19:58'),(599,1,123,1638126000000,400,'2017-05-23 07:19:59','2017-05-23 07:19:59'),(600,1,123,1638212400000,350,'2017-05-23 07:20:00','2017-05-23 07:20:00'),(601,1,123,1638298800000,660,'2017-05-23 07:20:01','2017-05-23 07:20:01'),(602,1,123,1638385200000,510,'2017-05-23 07:20:02','2017-05-23 07:20:02'),(603,1,123,1638471600000,510,'2017-05-23 07:20:03','2017-05-23 07:20:03'),(604,1,123,1638558000000,460,'2017-05-23 07:20:04','2017-05-23 07:20:04'),(605,1,123,1638644400000,350,'2017-05-23 07:20:05','2017-05-23 07:20:05'),(606,1,123,1638730800000,350,'2017-05-23 07:20:06','2017-05-23 07:20:06'),(607,1,123,1638817200000,550,'2017-05-23 07:20:07','2017-05-23 07:20:07'),(608,1,123,1638903600000,720,'2017-05-23 07:20:08','2017-05-23 07:20:08'),(609,1,123,1638990000000,350,'2017-05-23 07:20:09','2017-05-23 07:20:09'),(610,1,123,1639076400000,460,'2017-05-23 07:20:10','2017-05-23 07:20:10'),(611,1,123,1639162800000,490,'2017-05-23 07:20:11','2017-05-23 07:20:11'),(612,1,123,1639249200000,750,'2017-05-23 07:20:12','2017-05-23 07:20:12'),(613,1,123,1639335600000,510,'2017-05-23 07:20:13','2017-05-23 07:20:13'),(614,1,123,1639422000000,510,'2017-05-23 07:20:14','2017-05-23 07:20:14'),(615,1,123,1639508400000,710,'2017-05-23 07:20:15','2017-05-23 07:20:15'),(616,1,123,1639594800000,400,'2017-05-23 07:20:16','2017-05-23 07:20:16'),(617,1,123,1639681200000,350,'2017-05-23 07:20:17','2017-05-23 07:20:17'),(618,1,123,1639767600000,660,'2017-05-23 07:20:18','2017-05-23 07:20:18'),(619,1,123,1639854000000,510,'2017-05-23 07:20:19','2017-05-23 07:20:19'),(620,1,123,1639940400000,815,'2017-05-23 07:20:20','2017-05-23 07:20:20'),(621,1,123,1640026800000,612,'2017-05-23 07:20:21','2017-05-23 07:20:21'),(622,1,123,1640113200000,590,'2017-05-23 07:20:22','2017-05-23 07:20:22'),(623,1,123,1640199600000,220,'2017-05-23 07:20:23','2017-05-23 07:20:23'),(624,1,123,1640286000000,220,'2017-05-23 07:20:24','2017-05-23 07:20:24'),(625,1,123,1640372400000,680,'2017-05-23 07:20:25','2017-05-23 07:20:25'),(626,1,123,1640458800000,490,'2017-05-23 07:20:26','2017-05-23 07:20:26'),(627,1,123,1640545200000,680,'2017-05-23 07:20:27','2017-05-23 07:20:27'),(628,1,123,1640631600000,475,'2017-05-23 07:20:28','2017-05-23 07:20:28'),(629,1,123,1640718000000,500,'2017-05-23 07:20:29','2017-05-23 07:20:29'),(630,1,123,1640804400000,720,'2017-05-23 07:20:30','2017-05-23 07:20:30'),(631,1,123,1640890800000,500,'2017-05-23 07:20:31','2017-05-23 07:20:31'),(632,1,123,1640977200000,750,'2017-05-23 07:20:32','2017-05-23 07:20:32'),(633,1,123,1641063600000,750,'2017-05-23 07:20:33','2017-05-23 07:20:33'),(634,1,123,1641150000000,510,'2017-05-23 07:20:34','2017-05-23 07:20:34'),(635,1,123,1641236400000,550,'2017-05-23 07:20:35','2017-05-23 07:20:35'),(636,1,123,1641322800000,635,'2017-05-23 07:20:36','2017-05-23 07:20:36'),(637,1,123,1641409200000,510,'2017-05-23 07:20:37','2017-05-23 07:20:37'),(638,1,123,1641495600000,220,'2017-05-23 07:20:38','2017-05-23 07:20:38'),(639,1,123,1641582000000,635,'2017-05-23 07:20:39','2017-05-23 07:20:39'),(640,1,123,1641668400000,475,'2017-05-23 07:20:40','2017-05-23 07:20:40'),(641,1,123,1641754800000,350,'2017-05-23 07:20:41','2017-05-23 07:20:41'),(642,1,123,1641841200000,350,'2017-05-23 07:20:42','2017-05-23 07:20:42'),(643,1,123,1641927600000,710,'2017-05-23 07:20:43','2017-05-23 07:20:43'),(644,1,123,1642014000000,475,'2017-05-23 07:20:44','2017-05-23 07:20:44'),(645,1,123,1642100400000,550,'2017-05-23 07:20:45','2017-05-23 07:20:45'),(646,1,123,1642186800000,460,'2017-05-23 07:20:48','2017-05-23 07:20:48'),(647,1,123,1642273200000,400,'2017-05-23 07:20:49','2017-05-23 07:20:49'),(648,1,123,1642359600000,500,'2017-05-23 07:20:50','2017-05-23 07:20:50'),(649,1,123,1642446000000,400,'2017-05-23 07:20:51','2017-05-23 07:20:51'),(650,1,123,1642532400000,660,'2017-05-23 07:20:52','2017-05-23 07:20:52'),(651,1,123,1642618800000,680,'2017-05-23 07:20:53','2017-05-23 07:20:53'),(652,1,123,1642705200000,475,'2017-05-23 07:20:54','2017-05-23 07:20:54'),(653,1,123,1642791600000,720,'2017-05-23 07:20:55','2017-05-23 07:20:55'),(654,1,123,1642878000000,680,'2017-05-23 07:20:56','2017-05-23 07:20:56'),(655,1,123,1642964400000,550,'2017-05-23 07:20:57','2017-05-23 07:20:57'),(656,1,123,1643050800000,475,'2017-05-23 07:20:58','2017-05-23 07:20:58'),(657,1,123,1643137200000,350,'2017-05-23 07:20:59','2017-05-23 07:20:59'),(658,1,123,1643223600000,400,'2017-05-23 07:21:00','2017-05-23 07:21:00'),(659,1,123,1643310000000,815,'2017-05-23 07:21:01','2017-05-23 07:21:01'),(660,1,123,1643396400000,750,'2017-05-23 07:21:02','2017-05-23 07:21:02'),(661,1,123,1643482800000,590,'2017-05-23 07:21:03','2017-05-23 07:21:03'),(662,1,123,1643569200000,510,'2017-05-23 07:21:04','2017-05-23 07:21:04'),(663,1,123,1643655600000,720,'2017-05-23 07:21:05','2017-05-23 07:21:05'),(664,1,123,1643742000000,590,'2017-05-23 07:21:06','2017-05-23 07:21:06'),(665,1,123,1643828400000,750,'2017-05-23 07:21:07','2017-05-23 07:21:07'),(666,1,123,1643914800000,350,'2017-05-23 07:21:08','2017-05-23 07:21:08'),(667,1,123,1644001200000,590,'2017-05-23 07:21:09','2017-05-23 07:21:09'),(668,1,123,1644087600000,660,'2017-05-23 07:21:10','2017-05-23 07:21:10'),(669,1,123,1644174000000,500,'2017-05-23 07:21:11','2017-05-23 07:21:11'),(670,1,123,1644260400000,710,'2017-05-23 07:21:12','2017-05-23 07:21:12'),(671,1,123,1644346800000,750,'2017-05-23 07:21:13','2017-05-23 07:21:13'),(672,1,123,1644433200000,475,'2017-05-23 07:21:14','2017-05-23 07:21:14'),(673,1,123,1644519600000,400,'2017-05-23 07:21:15','2017-05-23 07:21:15'),(674,1,123,1644606000000,815,'2017-05-23 07:21:16','2017-05-23 07:21:16'),(675,1,123,1644692400000,612,'2017-05-23 07:21:17','2017-05-23 07:21:17'),(676,1,123,1644778800000,720,'2017-05-23 07:21:18','2017-05-23 07:21:18'),(677,1,123,1644865200000,720,'2017-05-23 07:21:19','2017-05-23 07:21:19'),(678,1,123,1644951600000,680,'2017-05-23 07:21:20','2017-05-23 07:21:20'),(679,1,123,1645038000000,660,'2017-05-23 07:21:21','2017-05-23 07:21:21'),(680,1,123,1645124400000,350,'2017-05-23 07:21:22','2017-05-23 07:21:22'),(681,1,123,1645210800000,500,'2017-05-23 07:21:23','2017-05-23 07:21:23'),(682,1,123,1645297200000,475,'2017-05-23 07:21:24','2017-05-23 07:21:24'),(683,1,123,1645383600000,490,'2017-05-23 07:21:25','2017-05-23 07:21:25'),(684,1,123,1645470000000,510,'2017-05-23 07:21:26','2017-05-23 07:21:26'),(685,1,123,1645556400000,680,'2017-05-23 07:21:27','2017-05-23 07:21:27'),(686,1,123,1645642800000,490,'2017-05-23 07:21:28','2017-05-23 07:21:28'),(687,1,123,1645729200000,500,'2017-05-23 07:21:29','2017-05-23 07:21:29'),(688,1,123,1645815600000,350,'2017-05-23 07:21:30','2017-05-23 07:21:30'),(689,1,123,1645902000000,475,'2017-05-23 07:21:31','2017-05-23 07:21:31'),(690,1,123,1645988400000,660,'2017-05-23 07:21:32','2017-05-23 07:21:32'),(691,1,123,1646074800000,750,'2017-05-23 07:21:33','2017-05-23 07:21:33'),(692,1,123,1646161200000,590,'2017-05-23 07:21:34','2017-05-23 07:21:34'),(693,1,123,1646247600000,400,'2017-05-23 07:21:35','2017-05-23 07:21:35'),(694,1,123,1646334000000,720,'2017-05-23 07:21:36','2017-05-23 07:21:36'),(695,1,123,1646420400000,660,'2017-05-23 07:21:37','2017-05-23 07:21:37'),(696,1,123,1646506800000,220,'2017-05-23 07:21:38','2017-05-23 07:21:38'),(697,1,123,1646593200000,635,'2017-05-23 07:21:39','2017-05-23 07:21:39'),(698,1,123,1646679600000,720,'2017-05-23 07:21:40','2017-05-23 07:21:40'),(699,1,123,1646766000000,750,'2017-05-23 07:21:41','2017-05-23 07:21:41'),(700,1,123,1646852400000,510,'2017-05-23 07:21:42','2017-05-23 07:21:42'),(701,1,123,1646938800000,815,'2017-05-23 07:21:43','2017-05-23 07:21:43'),(702,1,123,1647025200000,815,'2017-05-23 07:21:44','2017-05-23 07:21:44'),(703,1,123,1647111600000,612,'2017-05-23 07:21:45','2017-05-23 07:21:45'),(704,1,123,1647198000000,400,'2017-05-23 07:21:46','2017-05-23 07:21:46'),(705,1,123,1647284400000,220,'2017-05-23 07:21:47','2017-05-23 07:21:47'),(706,1,123,1647370800000,500,'2017-05-23 07:21:48','2017-05-23 07:21:48'),(707,1,123,1647457200000,500,'2017-05-23 07:21:49','2017-05-23 07:21:49'),(708,1,123,1647543600000,590,'2017-05-23 07:21:50','2017-05-23 07:21:50'),(709,1,123,1647630000000,635,'2017-05-23 07:21:51','2017-05-23 07:21:51'),(710,1,123,1647716400000,660,'2017-05-23 07:21:52','2017-05-23 07:21:52'),(711,1,123,1647802800000,710,'2017-05-23 07:21:53','2017-05-23 07:21:53'),(712,1,123,1647889200000,612,'2017-05-23 07:21:54','2017-05-23 07:21:54'),(713,1,123,1647975600000,400,'2017-05-23 07:21:55','2017-05-23 07:21:55'),(714,1,123,1648062000000,660,'2017-05-23 07:21:56','2017-05-23 07:21:56'),(715,1,123,1648148400000,400,'2017-05-23 07:21:57','2017-05-23 07:21:57'),(716,1,123,1648234800000,220,'2017-05-23 07:21:58','2017-05-23 07:21:58'),(717,1,123,1648321200000,710,'2017-05-23 07:21:59','2017-05-23 07:21:59'),(718,1,123,1648407600000,400,'2017-05-23 07:22:00','2017-05-23 07:22:00'),(719,1,123,1648494000000,460,'2017-05-23 07:22:01','2017-05-23 07:22:01'),(720,1,123,1648580400000,500,'2017-05-23 07:22:02','2017-05-23 07:22:02'),(721,1,123,1648666800000,590,'2017-05-23 07:22:03','2017-05-23 07:22:03'),(722,1,123,1648753200000,612,'2017-05-23 07:22:04','2017-05-23 07:22:04'),(723,1,123,1648839600000,220,'2017-05-23 07:22:05','2017-05-23 07:22:05'),(724,1,123,1648926000000,550,'2017-05-23 07:22:06','2017-05-23 07:22:06'),(725,1,123,1649012400000,475,'2017-05-23 07:22:07','2017-05-23 07:22:07'),(726,1,123,1649098800000,590,'2017-05-23 07:22:08','2017-05-23 07:22:08'),(727,1,123,1649185200000,635,'2017-05-23 07:22:09','2017-05-23 07:22:09'),(728,1,123,1649271600000,590,'2017-05-23 07:22:10','2017-05-23 07:22:10'),(729,1,123,1649358000000,815,'2017-05-23 07:22:11','2017-05-23 07:22:11'),(730,1,123,1649444400000,750,'2017-05-23 07:22:12','2017-05-23 07:22:12'),(731,1,123,1649530800000,460,'2017-05-23 07:22:13','2017-05-23 07:22:13'),(732,1,123,1649617200000,510,'2017-05-23 07:22:14','2017-05-23 07:22:14'),(733,1,123,1649703600000,612,'2017-05-23 07:22:15','2017-05-23 07:22:15'),(734,1,123,1649790000000,710,'2017-05-23 07:22:16','2017-05-23 07:22:16'),(735,1,123,1649876400000,815,'2017-05-23 07:22:17','2017-05-23 07:22:17'),(736,1,123,1649962800000,720,'2017-05-23 07:22:18','2017-05-23 07:22:18'),(737,1,123,1650049200000,490,'2017-05-23 07:22:19','2017-05-23 07:22:19'),(738,1,123,1650135600000,490,'2017-05-23 07:22:20','2017-05-23 07:22:20'),(739,1,123,1650222000000,635,'2017-05-23 07:22:21','2017-05-23 07:22:21'),(740,1,123,1650308400000,720,'2017-05-23 07:22:22','2017-05-23 07:22:22'),(741,1,123,1650394800000,550,'2017-05-23 07:22:23','2017-05-23 07:22:23'),(742,1,123,1650481200000,510,'2017-05-23 07:22:24','2017-05-23 07:22:24'),(743,1,123,1650567600000,475,'2017-05-23 07:22:25','2017-05-23 07:22:25'),(744,1,123,1650654000000,550,'2017-05-23 07:22:26','2017-05-23 07:22:26'),(745,1,123,1650740400000,500,'2017-05-23 07:22:27','2017-05-23 07:22:27'),(746,1,123,1650826800000,400,'2017-05-23 07:22:28','2017-05-23 07:22:28'),(747,1,123,1650913200000,680,'2017-05-23 07:22:29','2017-05-23 07:22:29'),(748,1,123,1650999600000,475,'2017-05-23 07:22:30','2017-05-23 07:22:30'),(749,1,123,1651086000000,660,'2017-05-23 07:22:31','2017-05-23 07:22:31'),(750,1,123,1651172400000,220,'2017-05-23 07:22:32','2017-05-23 07:22:32'),(751,1,123,1651258800000,400,'2017-05-23 07:22:33','2017-05-23 07:22:33'),(752,1,123,1651345200000,550,'2017-05-23 07:22:34','2017-05-23 07:22:34'),(753,1,123,1651431600000,660,'2017-05-23 07:22:35','2017-05-23 07:22:35'),(754,1,123,1651518000000,510,'2017-05-23 07:22:36','2017-05-23 07:22:36'),(755,1,123,1651604400000,612,'2017-05-23 07:22:37','2017-05-23 07:22:37'),(756,1,123,1651690800000,220,'2017-05-23 07:22:38','2017-05-23 07:22:38'),(757,1,123,1651777200000,220,'2017-05-23 07:22:39','2017-05-23 07:22:39'),(758,1,123,1651863600000,550,'2017-05-23 07:22:40','2017-05-23 07:22:40'),(759,1,123,1651950000000,635,'2017-05-23 07:22:41','2017-05-23 07:22:41'),(760,1,123,1652036400000,660,'2017-05-23 07:22:42','2017-05-23 07:22:42'),(761,1,123,1652122800000,680,'2017-05-23 07:22:43','2017-05-23 07:22:43'),(762,1,123,1652209200000,720,'2017-05-23 07:22:44','2017-05-23 07:22:44'),(763,1,123,1652295600000,635,'2017-05-23 07:22:45','2017-05-23 07:22:45'),(764,1,123,1652382000000,680,'2017-05-23 07:22:46','2017-05-23 07:22:46'),(765,1,123,1652468400000,460,'2017-05-23 07:22:47','2017-05-23 07:22:47'),(766,1,123,1652554800000,475,'2017-05-23 07:22:48','2017-05-23 07:22:48'),(767,1,123,1652641200000,590,'2017-05-23 07:22:49','2017-05-23 07:22:49'),(768,1,123,1652727600000,400,'2017-05-23 07:22:50','2017-05-23 07:22:50'),(769,1,123,1652814000000,660,'2017-05-23 07:22:51','2017-05-23 07:22:51'),(770,1,123,1652900400000,550,'2017-05-23 07:22:52','2017-05-23 07:22:52'),(771,1,123,1652986800000,680,'2017-05-23 07:22:53','2017-05-23 07:22:53'),(772,1,123,1653073200000,460,'2017-05-23 07:22:54','2017-05-23 07:22:54'),(773,1,123,1653159600000,400,'2017-05-23 07:22:55','2017-05-23 07:22:55'),(774,1,123,1653246000000,400,'2017-05-23 07:22:56','2017-05-23 07:22:56'),(775,1,123,1653332400000,680,'2017-05-23 07:22:57','2017-05-23 07:22:57'),(776,1,123,1653418800000,590,'2017-05-23 07:22:58','2017-05-23 07:22:58'),(777,1,123,1653505200000,720,'2017-05-23 07:22:59','2017-05-23 07:22:59'),(778,1,123,1653591600000,220,'2017-05-23 07:23:00','2017-05-23 07:23:00'),(779,1,123,1653678000000,500,'2017-05-23 07:23:01','2017-05-23 07:23:01'),(780,1,123,1653764400000,750,'2017-05-23 07:23:02','2017-05-23 07:23:02'),(781,1,123,1653850800000,680,'2017-05-23 07:23:03','2017-05-23 07:23:03'),(782,1,123,1653937200000,635,'2017-05-23 07:23:04','2017-05-23 07:23:04'),(783,1,123,1654023600000,635,'2017-05-23 07:23:05','2017-05-23 07:23:05'),(784,1,123,1654110000000,590,'2017-05-23 07:23:06','2017-05-23 07:23:06'),(785,1,123,1654196400000,350,'2017-05-23 07:23:07','2017-05-23 07:23:07'),(786,1,123,1654282800000,815,'2017-05-23 07:23:08','2017-05-23 07:23:08'),(787,1,123,1654369200000,475,'2017-05-23 07:23:09','2017-05-23 07:23:09'),(788,1,123,1654455600000,490,'2017-05-23 07:23:10','2017-05-23 07:23:10'),(789,1,123,1654542000000,612,'2017-05-23 07:23:11','2017-05-23 07:23:11'),(790,1,123,1654628400000,635,'2017-05-23 07:23:12','2017-05-23 07:23:12'),(791,1,123,1654714800000,460,'2017-05-23 07:23:13','2017-05-23 07:23:13'),(792,1,123,1654801200000,500,'2017-05-23 07:23:14','2017-05-23 07:23:14'),(793,1,123,1654887600000,815,'2017-05-23 07:23:15','2017-05-23 07:23:15'),(794,1,123,1654974000000,660,'2017-05-23 07:23:16','2017-05-23 07:23:16'),(795,1,123,1655060400000,815,'2017-05-23 07:23:17','2017-05-23 07:23:17'),(796,1,123,1655146800000,710,'2017-05-23 07:23:18','2017-05-23 07:23:18'),(797,1,123,1655233200000,350,'2017-05-23 07:23:19','2017-05-23 07:23:19'),(798,1,123,1655319600000,500,'2017-05-23 07:23:20','2017-05-23 07:23:20'),(799,1,123,1655406000000,590,'2017-05-23 07:23:21','2017-05-23 07:23:21'),(800,1,123,1655492400000,475,'2017-05-23 07:23:22','2017-05-23 07:23:22'),(801,1,123,1655578800000,635,'2017-05-23 07:23:23','2017-05-23 07:23:23'),(802,1,123,1655665200000,350,'2017-05-23 07:23:24','2017-05-23 07:23:24'),(803,1,123,1655751600000,750,'2017-05-23 07:23:25','2017-05-23 07:23:25'),(804,1,123,1655838000000,635,'2017-05-23 07:23:26','2017-05-23 07:23:26'),(805,1,123,1655924400000,500,'2017-05-23 07:23:27','2017-05-23 07:23:27'),(806,1,123,1656010800000,460,'2017-05-23 07:23:28','2017-05-23 07:23:28'),(807,1,123,1656097200000,475,'2017-05-23 07:23:29','2017-05-23 07:23:29'),(808,1,123,1656183600000,475,'2017-05-23 07:23:30','2017-05-23 07:23:30'),(809,1,123,1656270000000,635,'2017-05-23 07:23:31','2017-05-23 07:23:31'),(810,1,123,1656356400000,635,'2017-05-23 07:23:32','2017-05-23 07:23:32'),(811,1,123,1656442800000,350,'2017-05-23 07:23:33','2017-05-23 07:23:33'),(812,1,123,1656529200000,220,'2017-05-23 07:23:34','2017-05-23 07:23:34'),(813,1,123,1656615600000,590,'2017-05-23 07:23:35','2017-05-23 07:23:35'),(814,1,123,1656702000000,612,'2017-05-23 07:23:36','2017-05-23 07:23:36'),(815,1,123,1656788400000,220,'2017-05-23 07:23:37','2017-05-23 07:23:37'),(816,1,123,1656874800000,220,'2017-05-23 07:23:38','2017-05-23 07:23:38'),(817,1,123,1656961200000,590,'2017-05-23 07:23:39','2017-05-23 07:23:39'),(818,1,123,1657047600000,510,'2017-05-23 07:23:40','2017-05-23 07:23:40'),(819,1,123,1657134000000,815,'2017-05-23 07:23:41','2017-05-23 07:23:41'),(820,1,123,1657220400000,590,'2017-05-23 07:23:42','2017-05-23 07:23:42'),(821,1,123,1657306800000,720,'2017-05-23 07:23:43','2017-05-23 07:23:43'),(822,1,123,1657393200000,660,'2017-05-23 07:23:44','2017-05-23 07:23:44'),(823,1,123,1657479600000,720,'2017-05-23 07:23:45','2017-05-23 07:23:45'),(824,1,123,1657566000000,500,'2017-05-23 07:23:46','2017-05-23 07:23:46'),(825,1,123,1657652400000,400,'2017-05-23 07:23:47','2017-05-23 07:23:47'),(826,1,123,1657738800000,510,'2017-05-23 07:23:48','2017-05-23 07:23:48'),(827,1,123,1657825200000,710,'2017-05-23 07:23:49','2017-05-23 07:23:49'),(828,1,123,1657911600000,710,'2017-05-23 07:23:50','2017-05-23 07:23:50'),(829,1,123,1657998000000,680,'2017-05-23 07:23:51','2017-05-23 07:23:51'),(830,1,123,1658084400000,500,'2017-05-23 07:23:52','2017-05-23 07:23:52'),(831,1,123,1658170800000,612,'2017-05-23 07:23:53','2017-05-23 07:23:53'),(832,1,123,1658257200000,612,'2017-05-23 07:23:54','2017-05-23 07:23:54'),(833,1,123,1658343600000,400,'2017-05-23 07:23:55','2017-05-23 07:23:55'),(834,1,123,1658430000000,710,'2017-05-23 07:23:56','2017-05-23 07:23:56'),(835,1,123,1658516400000,815,'2017-05-23 07:23:57','2017-05-23 07:23:57'),(836,1,123,1658602800000,680,'2017-05-23 07:23:58','2017-05-23 07:23:58'),(837,1,123,1658689200000,635,'2017-05-23 07:23:59','2017-05-23 07:23:59'),(838,1,123,1658775600000,720,'2017-05-23 07:24:00','2017-05-23 07:24:00'),(839,1,123,1658862000000,510,'2017-05-23 07:24:01','2017-05-23 07:24:01'),(840,1,123,1658948400000,220,'2017-05-23 07:24:02','2017-05-23 07:24:02'),(841,1,123,1659034800000,490,'2017-05-23 07:24:03','2017-05-23 07:24:03'),(842,1,123,1659121200000,635,'2017-05-23 07:24:04','2017-05-23 07:24:04'),(843,1,123,1659207600000,660,'2017-05-23 07:24:05','2017-05-23 07:24:05'),(844,1,123,1659294000000,660,'2017-05-23 07:24:06','2017-05-23 07:24:06'),(845,1,123,1659380400000,635,'2017-05-23 07:24:07','2017-05-23 07:24:07'),(846,1,123,1659466800000,660,'2017-05-23 07:24:08','2017-05-23 07:24:08'),(847,1,123,1659553200000,635,'2017-05-23 07:24:09','2017-05-23 07:24:09'),(848,1,123,1659639600000,500,'2017-05-23 07:24:10','2017-05-23 07:24:10'),(849,1,123,1659726000000,815,'2017-05-23 07:24:11','2017-05-23 07:24:11'),(850,1,123,1659812400000,500,'2017-05-23 07:24:12','2017-05-23 07:24:12'),(851,1,123,1659898800000,550,'2017-05-23 07:24:13','2017-05-23 07:24:13'),(852,1,123,1659985200000,660,'2017-05-23 07:24:14','2017-05-23 07:24:14'),(853,1,123,1660071600000,680,'2017-05-23 07:24:15','2017-05-23 07:24:15'),(854,1,123,1660158000000,750,'2017-05-23 07:24:16','2017-05-23 07:24:16'),(855,1,123,1660244400000,612,'2017-05-23 07:24:17','2017-05-23 07:24:17'),(856,1,123,1660330800000,680,'2017-05-23 07:24:18','2017-05-23 07:24:18'),(857,1,123,1660417200000,660,'2017-05-23 07:24:19','2017-05-23 07:24:19'),(858,1,123,1660503600000,220,'2017-05-23 07:24:20','2017-05-23 07:24:20'),(859,1,123,1660590000000,510,'2017-05-23 07:24:21','2017-05-23 07:24:21'),(860,1,123,1660676400000,750,'2017-05-23 07:24:22','2017-05-23 07:24:22'),(861,1,123,1660762800000,750,'2017-05-23 07:24:23','2017-05-23 07:24:23'),(862,1,123,1660849200000,400,'2017-05-23 07:24:24','2017-05-23 07:24:24'),(863,1,123,1660935600000,612,'2017-05-23 07:24:25','2017-05-23 07:24:25'),(864,1,123,1661022000000,590,'2017-05-23 07:24:26','2017-05-23 07:24:26'),(865,1,123,1661108400000,400,'2017-05-23 07:24:27','2017-05-23 07:24:27'),(866,1,123,1661194800000,500,'2017-05-23 07:24:28','2017-05-23 07:24:28'),(867,1,123,1661281200000,400,'2017-05-23 07:24:29','2017-05-23 07:24:29'),(868,1,123,1661367600000,635,'2017-05-23 07:24:30','2017-05-23 07:24:30'),(869,1,123,1661454000000,590,'2017-05-23 07:24:31','2017-05-23 07:24:31'),(870,1,123,1661540400000,550,'2017-05-23 07:24:32','2017-05-23 07:24:32'),(871,1,123,1661626800000,750,'2017-05-23 07:24:33','2017-05-23 07:24:33'),(872,1,123,1661713200000,350,'2017-05-23 07:24:34','2017-05-23 07:24:34'),(873,1,123,1661799600000,750,'2017-05-23 07:24:35','2017-05-23 07:24:35'),(874,1,123,1661886000000,500,'2017-05-23 07:24:36','2017-05-23 07:24:36'),(875,1,123,1661972400000,680,'2017-05-23 07:24:37','2017-05-23 07:24:37'),(876,1,123,1662058800000,460,'2017-05-23 07:24:38','2017-05-23 07:24:38'),(877,1,123,1662145200000,475,'2017-05-23 07:24:39','2017-05-23 07:24:39'),(878,1,123,1662231600000,660,'2017-05-23 07:24:40','2017-05-23 07:24:40'),(879,1,123,1662318000000,475,'2017-05-23 07:24:41','2017-05-23 07:24:41'),(880,1,123,1662404400000,490,'2017-05-23 07:24:42','2017-05-23 07:24:42'),(881,1,123,1662490800000,400,'2017-05-23 07:24:44','2017-05-23 07:24:44'),(882,1,123,1662577200000,750,'2017-05-23 07:24:45','2017-05-23 07:24:45'),(883,1,123,1662750000000,680,'2017-05-23 07:24:47','2017-05-23 07:24:47'),(884,1,123,1662836400000,500,'2017-05-23 07:24:48','2017-05-23 07:24:48'),(885,1,123,1662922800000,612,'2017-05-23 07:24:49','2017-05-23 07:24:49'),(886,1,123,1663009200000,500,'2017-05-23 07:24:50','2017-05-23 07:24:50'),(887,1,123,1663095600000,590,'2017-05-23 07:24:51','2017-05-23 07:24:51'),(888,1,123,1663182000000,635,'2017-05-23 07:24:52','2017-05-23 07:24:52'),(889,1,123,1663268400000,750,'2017-05-23 07:24:53','2017-05-23 07:24:53'),(890,1,123,1663354800000,635,'2017-05-23 07:24:54','2017-05-23 07:24:54'),(891,1,123,1663441200000,400,'2017-05-23 07:24:55','2017-05-23 07:24:55'),(892,1,123,1663527600000,460,'2017-05-23 07:24:56','2017-05-23 07:24:56'),(893,1,123,1663614000000,710,'2017-05-23 07:24:57','2017-05-23 07:24:57'),(894,1,123,1663700400000,500,'2017-05-23 07:24:58','2017-05-23 07:24:58'),(895,1,123,1663786800000,510,'2017-05-23 07:24:59','2017-05-23 07:24:59'),(896,1,123,1663873200000,750,'2017-05-23 07:25:00','2017-05-23 07:25:00'),(897,1,123,1663959600000,400,'2017-05-23 07:25:01','2017-05-23 07:25:01'),(898,1,123,1664046000000,510,'2017-05-23 07:25:02','2017-05-23 07:25:02'),(899,1,123,1664132400000,490,'2017-05-23 07:25:03','2017-05-23 07:25:03'),(900,1,123,1664218800000,490,'2017-05-23 07:25:04','2017-05-23 07:25:04'),(901,1,123,1664305200000,490,'2017-05-23 07:25:05','2017-05-23 07:25:05'),(902,1,123,1664391600000,510,'2017-05-23 07:25:06','2017-05-23 07:25:06'),(903,1,123,1664478000000,680,'2017-05-23 07:25:07','2017-05-23 07:25:07'),(904,1,123,1664564400000,400,'2017-05-23 07:25:08','2017-05-23 07:25:08'),(905,1,123,1664650800000,720,'2017-05-23 07:25:09','2017-05-23 07:25:09'),(906,1,123,1664737200000,510,'2017-05-23 07:25:10','2017-05-23 07:25:10'),(907,1,123,1664823600000,500,'2017-05-23 07:25:11','2017-05-23 07:25:11'),(908,1,123,1664910000000,475,'2017-05-23 07:25:12','2017-05-23 07:25:12'),(909,1,123,1664996400000,510,'2017-05-23 07:25:13','2017-05-23 07:25:13'),(910,1,123,1665082800000,750,'2017-05-23 07:25:14','2017-05-23 07:25:14'),(911,1,123,1665169200000,220,'2017-05-23 07:25:15','2017-05-23 07:25:15'),(912,1,123,1665255600000,500,'2017-05-23 07:25:16','2017-05-23 07:25:16'),(913,1,123,1665342000000,500,'2017-05-23 07:25:17','2017-05-23 07:25:17'),(914,1,123,1665428400000,550,'2017-05-23 07:25:18','2017-05-23 07:25:18'),(915,1,123,1665514800000,475,'2017-05-23 07:25:19','2017-05-23 07:25:19'),(916,1,123,1665601200000,550,'2017-05-23 07:25:20','2017-05-23 07:25:20'),(917,1,123,1665687600000,635,'2017-05-23 07:25:21','2017-05-23 07:25:21'),(918,1,123,1665774000000,750,'2017-05-23 07:25:26','2017-05-23 07:25:26'),(919,1,123,1665860400000,350,'2017-05-23 07:25:27','2017-05-23 07:25:27'),(920,1,123,1665946800000,750,'2017-05-23 07:25:28','2017-05-23 07:25:28'),(921,1,123,1666033200000,500,'2017-05-23 07:25:29','2017-05-23 07:25:29'),(922,1,123,1666033200000,750,'2017-05-23 07:25:30','2017-05-23 07:25:30'),(923,1,123,1666119600000,720,'2017-05-23 07:25:31','2017-05-23 07:25:31'),(924,1,123,1666206000000,680,'2017-05-23 07:25:32','2017-05-23 07:25:32'),(925,1,123,1666292400000,350,'2017-05-23 07:25:33','2017-05-23 07:25:33'),(926,1,123,1666378800000,590,'2017-05-23 07:25:34','2017-05-23 07:25:34'),(927,1,123,1666465200000,660,'2017-05-23 07:25:35','2017-05-23 07:25:35'),(928,1,123,1666551600000,460,'2017-05-23 07:25:36','2017-05-23 07:25:36'),(929,1,123,1666638000000,635,'2017-05-23 07:25:37','2017-05-23 07:25:37'),(930,1,123,1666724400000,680,'2017-05-23 07:25:38','2017-05-23 07:25:38'),(931,1,123,1666810800000,460,'2017-05-23 07:25:39','2017-05-23 07:25:39'),(932,1,123,1666897200000,815,'2017-05-23 07:25:40','2017-05-23 07:25:40'),(933,1,123,1666983600000,350,'2017-05-23 07:25:41','2017-05-23 07:25:41'),(934,1,123,1667070000000,612,'2017-05-23 07:25:42','2017-05-23 07:25:42'),(935,1,123,1667156400000,500,'2017-05-23 07:25:43','2017-05-23 07:25:43'),(936,1,123,1667242800000,550,'2017-05-23 07:25:44','2017-05-23 07:25:44'),(937,1,123,1667329200000,460,'2017-05-23 07:25:45','2017-05-23 07:25:45'),(938,1,123,1667415600000,400,'2017-05-23 07:25:46','2017-05-23 07:25:46'),(939,1,123,1667502000000,550,'2017-05-23 07:25:47','2017-05-23 07:25:47'),(940,1,123,1667588400000,475,'2017-05-23 07:25:48','2017-05-23 07:25:48'),(941,1,123,1667674800000,710,'2017-05-23 07:25:49','2017-05-23 07:25:49'),(942,1,123,1667761200000,350,'2017-05-23 07:25:50','2017-05-23 07:25:50'),(943,1,123,1667847600000,500,'2017-05-23 07:25:51','2017-05-23 07:25:51'),(944,1,123,1667934000000,490,'2017-05-23 07:25:52','2017-05-23 07:25:52'),(945,1,123,1668020400000,710,'2017-05-23 07:25:53','2017-05-23 07:25:53'),(946,1,123,1668106800000,660,'2017-05-23 07:25:54','2017-05-23 07:25:54'),(947,1,123,1668193200000,660,'2017-05-23 07:25:55','2017-05-23 07:25:55'),(948,1,123,1668279600000,220,'2017-05-23 07:25:56','2017-05-23 07:25:56'),(949,1,123,1668366000000,750,'2017-05-23 07:25:57','2017-05-23 07:25:57'),(950,1,123,1668452400000,660,'2017-05-23 07:25:58','2017-05-23 07:25:58'),(951,1,123,1668538800000,550,'2017-05-23 07:25:59','2017-05-23 07:25:59'),(952,1,123,1668625200000,720,'2017-05-23 07:26:00','2017-05-23 07:26:00'),(953,1,123,1668711600000,460,'2017-05-23 07:26:01','2017-05-23 07:26:01'),(954,1,123,1668798000000,550,'2017-05-23 07:26:02','2017-05-23 07:26:02'),(955,1,123,1668884400000,500,'2017-05-23 07:27:44','2017-05-23 07:27:44'),(956,1,123,1668970800000,350,'2017-05-23 07:27:45','2017-05-23 07:27:45'),(957,1,123,1669057200000,400,'2017-05-23 07:27:46','2017-05-23 07:27:46'),(958,1,123,1669143600000,750,'2017-05-23 07:27:47','2017-05-23 07:27:47'),(959,1,123,1669230000000,510,'2017-05-23 07:27:48','2017-05-23 07:27:48'),(960,1,123,1669316400000,720,'2017-05-23 07:27:49','2017-05-23 07:27:49'),(961,1,123,1669489200000,750,'2017-05-23 07:27:51','2017-05-23 07:27:51'),(962,1,123,1669575600000,612,'2017-05-23 07:27:52','2017-05-23 07:27:52'),(963,1,123,1669662000000,720,'2017-05-23 07:27:53','2017-05-23 07:27:53'),(964,1,123,1669748400000,510,'2017-05-23 07:27:54','2017-05-23 07:27:54'),(965,1,123,1669834800000,750,'2017-05-23 07:27:55','2017-05-23 07:27:55'),(966,1,123,1669921200000,475,'2017-05-23 07:27:56','2017-05-23 07:27:56'),(967,1,123,1670007600000,490,'2017-05-23 07:27:57','2017-05-23 07:27:57'),(968,1,123,1670094000000,500,'2017-05-23 07:27:58','2017-05-23 07:27:58'),(969,1,123,1670180400000,815,'2017-05-23 07:27:59','2017-05-23 07:27:59'),(970,1,123,1670266800000,510,'2017-05-23 07:28:00','2017-05-23 07:28:00'),(971,1,123,1670353200000,720,'2017-05-23 07:28:01','2017-05-23 07:28:01'),(972,1,123,1670439600000,750,'2017-05-23 07:28:02','2017-05-23 07:28:02'),(973,1,123,1670526000000,500,'2017-05-23 07:28:03','2017-05-23 07:28:03'),(974,1,123,1670612400000,350,'2017-05-23 07:28:04','2017-05-23 07:28:04'),(975,1,123,1670698800000,612,'2017-05-23 07:28:05','2017-05-23 07:28:05'),(976,1,123,1670785200000,660,'2017-05-23 07:28:06','2017-05-23 07:28:06'),(977,1,123,1670871600000,710,'2017-05-23 07:28:07','2017-05-23 07:28:07'),(978,1,123,1670958000000,475,'2017-05-23 07:28:08','2017-05-23 07:28:08'),(979,1,123,1671044400000,490,'2017-05-23 07:28:09','2017-05-23 07:28:09'),(980,1,123,1671130800000,590,'2017-05-23 07:30:30','2017-05-23 07:30:30'),(981,1,123,1671217200000,720,'2017-05-23 07:30:31','2017-05-23 07:30:31'),(982,1,123,1671303600000,710,'2017-05-23 07:30:32','2017-05-23 07:30:32'),(983,1,123,1671390000000,815,'2017-05-23 07:30:33','2017-05-23 07:30:33'),(984,1,123,1671476400000,550,'2017-05-23 07:30:34','2017-05-23 07:30:34'),(985,1,123,1671562800000,750,'2017-05-23 07:30:35','2017-05-23 07:30:35'),(986,1,123,1671649200000,590,'2017-05-23 07:30:36','2017-05-23 07:30:36'),(987,1,123,1671735600000,815,'2017-05-23 07:30:37','2017-05-23 07:30:37'),(988,1,123,1671822000000,350,'2017-05-23 07:30:38','2017-05-23 07:30:38'),(989,1,123,1671908400000,220,'2017-05-23 07:30:39','2017-05-23 07:30:39'),(990,1,123,1671994800000,510,'2017-05-23 07:30:40','2017-05-23 07:30:40'),(991,1,123,1672081200000,750,'2017-05-23 07:30:41','2017-05-23 07:30:41'),(992,1,123,1672167600000,710,'2017-05-23 07:30:42','2017-05-23 07:30:42'),(993,1,123,1672254000000,590,'2017-05-23 07:30:43','2017-05-23 07:30:43'),(994,1,123,1672340400000,815,'2017-05-23 07:31:25','2017-05-23 07:31:25'),(995,1,123,1672426800000,400,'2017-05-23 07:31:26','2017-05-23 07:31:26'),(996,1,123,1672513200000,220,'2017-05-23 07:31:27','2017-05-23 07:31:27'),(997,1,123,1672599600000,590,'2017-05-23 07:31:28','2017-05-23 07:31:28'),(998,1,123,1672686000000,680,'2017-05-23 07:31:29','2017-05-23 07:31:29'),(999,1,123,1672772400000,490,'2017-05-23 07:31:30','2017-05-23 07:31:30'),(1000,1,123,1672858800000,635,'2017-05-23 07:31:31','2017-05-23 07:31:31'),(1001,1,123,1672945200000,490,'2017-05-23 07:31:32','2017-05-23 07:31:32'),(1002,1,123,1673031600000,510,'2017-05-23 07:31:33','2017-05-23 07:31:33'),(1003,1,123,1673118000000,490,'2017-05-23 07:31:34','2017-05-23 07:31:34'),(1004,1,123,1673204400000,612,'2017-05-23 07:31:35','2017-05-23 07:31:35'),(1005,1,123,1673290800000,590,'2017-05-23 07:31:36','2017-05-23 07:31:36'),(1006,1,123,1673377200000,350,'2017-05-23 07:31:37','2017-05-23 07:31:37'),(1007,1,123,1673463600000,500,'2017-05-23 07:31:38','2017-05-23 07:31:38'),(1008,1,123,1673550000000,750,'2017-05-23 07:31:39','2017-05-23 07:31:39'),(1009,1,123,1673636400000,460,'2017-05-23 07:32:08','2017-05-23 07:32:08'),(1010,1,123,1673722800000,710,'2017-05-23 07:32:09','2017-05-23 07:32:09'),(1011,1,123,1673809200000,612,'2017-05-23 07:32:10','2017-05-23 07:32:10'),(1012,1,123,1673895600000,660,'2017-05-23 07:32:11','2017-05-23 07:32:11'),(1013,1,123,1673982000000,815,'2017-05-23 07:32:12','2017-05-23 07:32:12'),(1014,1,123,1674068400000,680,'2017-05-23 07:32:13','2017-05-23 07:32:13'),(1015,1,123,1674154800000,475,'2017-05-23 07:32:14','2017-05-23 07:32:14'),(1016,1,123,1674241200000,550,'2017-05-23 07:32:15','2017-05-23 07:32:15'),(1017,1,123,1674327600000,460,'2017-05-23 07:32:16','2017-05-23 07:32:16'),(1018,1,123,1674414000000,710,'2017-05-23 07:32:17','2017-05-23 07:32:17'),(1019,1,123,1674500400000,590,'2017-05-23 07:32:18','2017-05-23 07:32:18'),(1020,1,123,1674586800000,720,'2017-05-23 07:32:19','2017-05-23 07:32:19'),(1021,1,123,1674673200000,550,'2017-05-23 07:32:20','2017-05-23 07:32:20'),(1022,1,123,1674759600000,720,'2017-05-23 07:32:21','2017-05-23 07:32:21'),(1023,1,123,1674846000000,612,'2017-05-23 07:32:22','2017-05-23 07:32:22'),(1024,1,123,1674932400000,750,'2017-05-23 07:32:23','2017-05-23 07:32:23'),(1025,1,106,1582484400000,510,'2017-05-23 07:32:44','2017-05-23 07:32:44'),(1026,1,106,1582570800000,550,'2017-05-23 07:33:00','2017-05-23 07:33:00'),(1027,1,106,1582570800000,710,'2017-05-23 07:33:00','2017-05-23 07:33:00'),(1028,1,106,1582657200000,710,'2017-05-23 07:33:02','2017-05-23 07:33:02'),(1029,1,106,1582743600000,490,'2017-05-23 07:33:04','2017-05-23 07:33:04'),(1030,1,106,1582830000000,460,'2017-05-23 07:33:06','2017-05-23 07:33:06'),(1031,1,106,1582916400000,635,'2017-05-23 07:33:08','2017-05-23 07:33:08'),(1032,1,106,1582916400000,475,'2017-05-23 07:33:08','2017-05-23 07:33:08'),(1033,1,106,1583002800000,475,'2017-05-23 07:33:10','2017-05-23 07:33:10'),(1034,1,106,1583089200000,500,'2017-05-23 07:33:12','2017-05-23 07:33:12'),(1035,1,106,1583175600000,490,'2017-05-23 07:33:14','2017-05-23 07:33:14'),(1036,1,106,1583175600000,815,'2017-05-23 07:33:14','2017-05-23 07:33:14');
/*!40000 ALTER TABLE `readings` ENABLE KEYS */;
UNLOCK TABLES;

--
-- Table structure for table `role_user`
--

DROP TABLE IF EXISTS `role_user`;
/*!40101 SET @saved_cs_client     = @@character_set_client */;
/*!40101 SET character_set_client = utf8 */;
CREATE TABLE `role_user` (
  `role_id` int(10) unsigned NOT NULL,
  `user_id` int(10) unsigned NOT NULL,
  `created_at` timestamp NULL DEFAULT NULL,
  `updated_at` timestamp NULL DEFAULT NULL,
  PRIMARY KEY (`role_id`,`user_id`),
  KEY `role_user_user_id_foreign` (`user_id`)
) ENGINE=MyISAM DEFAULT CHARSET=utf8 COLLATE=utf8_unicode_ci;
/*!40101 SET character_set_client = @saved_cs_client */;

--
-- Dumping data for table `role_user`
--

LOCK TABLES `role_user` WRITE;
/*!40000 ALTER TABLE `role_user` DISABLE KEYS */;
INSERT INTO `role_user` VALUES (1,451,NULL,NULL);
/*!40000 ALTER TABLE `role_user` ENABLE KEYS */;
UNLOCK TABLES;

--
-- Table structure for table `roles`
--

DROP TABLE IF EXISTS `roles`;
/*!40101 SET @saved_cs_client     = @@character_set_client */;
/*!40101 SET character_set_client = utf8 */;
CREATE TABLE `roles` (
  `id` int(10) unsigned NOT NULL AUTO_INCREMENT,
  `name` varchar(255) COLLATE utf8_unicode_ci NOT NULL,
  `description` varchar(255) COLLATE utf8_unicode_ci DEFAULT NULL,
  `created_at` timestamp NULL DEFAULT NULL,
  `updated_at` timestamp NULL DEFAULT NULL,
  PRIMARY KEY (`id`)
) ENGINE=MyISAM AUTO_INCREMENT=36 DEFAULT CHARSET=utf8 COLLATE=utf8_unicode_ci;
/*!40101 SET character_set_client = @saved_cs_client */;

--
-- Dumping data for table `roles`
--

LOCK TABLES `roles` WRITE;
/*!40000 ALTER TABLE `roles` DISABLE KEYS */;
INSERT INTO `roles` VALUES (1,'Super Admin','Super administrator of the applications',NULL,'2017-02-14 01:36:25'),(2,'Admin','Administrator of the application',NULL,'2016-07-06 06:58:15'),(33,'Roles and Permissions Manager','Can manage all the roles and permissions of the application','2016-07-31 14:53:36','2016-07-31 14:53:36'),(34,'Users Manager','Can manage all the users on the application','2016-07-31 14:56:18','2017-02-14 01:36:20'),(35,'Configuration Manager','Administrator for Configuration','2017-02-26 02:03:50','2017-02-26 02:03:50');
/*!40000 ALTER TABLE `roles` ENABLE KEYS */;
UNLOCK TABLES;

--
-- Table structure for table `sessions`
--

DROP TABLE IF EXISTS `sessions`;
/*!40101 SET @saved_cs_client     = @@character_set_client */;
/*!40101 SET character_set_client = utf8 */;
CREATE TABLE `sessions` (
  `id` varchar(255) COLLATE utf8_unicode_ci NOT NULL,
  `user_id` int(11) DEFAULT NULL,
  `ip_address` varchar(45) COLLATE utf8_unicode_ci DEFAULT NULL,
  `user_agent` text COLLATE utf8_unicode_ci,
  `payload` text COLLATE utf8_unicode_ci NOT NULL,
  `last_activity` int(11) NOT NULL,
  UNIQUE KEY `sessions_id_unique` (`id`)
) ENGINE=InnoDB DEFAULT CHARSET=utf8 COLLATE=utf8_unicode_ci;
/*!40101 SET character_set_client = @saved_cs_client */;

--
-- Dumping data for table `sessions`
--

LOCK TABLES `sessions` WRITE;
/*!40000 ALTER TABLE `sessions` DISABLE KEYS */;
INSERT INTO `sessions` VALUES ('2cf06346a7a7a4d4c8da35823f87db42a3b9e277',NULL,'127.0.0.1','Mozilla/5.0 (X11; Linux x86_64) AppleWebKit/537.36 (KHTML, like Gecko) Chrome/51.0.2704.106 Safari/537.36','YTo1OntzOjY6Il90b2tlbiI7czo0MDoiam5GQXRINFhtNTNScHBRS0ZtOExtMHF6aGo2VlVLRjJQWFF3VFdibSI7czozOiJ1cmwiO2E6MTp7czo4OiJpbnRlbmRlZCI7czoxMzoiaHR0cDovL3hpcy1ociI7fXM6OToiX3ByZXZpb3VzIjthOjE6e3M6MzoidXJsIjtzOjE5OiJodHRwOi8veGlzLWhyL2xvZ2luIjt9czo1OiJmbGFzaCI7YToyOntzOjM6Im9sZCI7YTowOnt9czozOiJuZXciO2E6MDp7fX1zOjk6Il9zZjJfbWV0YSI7YTozOntzOjE6InUiO2k6MTQ3MzA0NjA2NTtzOjE6ImMiO2k6MTQ3MzA0NjA2NTtzOjE6ImwiO3M6MToiMCI7fX0=',1473046065),('42d9795e169e919055f2cd43e4f22a0bba6b6c46',NULL,'127.0.0.1','Mozilla/5.0 (X11; Ubuntu; Linux x86_64; rv:47.0) Gecko/20100101 Firefox/47.0','YTo1OntzOjY6Il90b2tlbiI7czo0MDoiRFNPYTlJb1JiQ2hCdnpLYlFaQUxBTWx3Q21LSnJQdXBQWm52WXZ3SCI7czozOiJ1cmwiO2E6MTp7czo4OiJpbnRlbmRlZCI7czoxMToiaHR0cDovL2F1dGgiO31zOjk6Il9wcmV2aW91cyI7YToxOntzOjM6InVybCI7czoxMToiaHR0cDovL2F1dGgiO31zOjk6Il9zZjJfbWV0YSI7YTozOntzOjE6InUiO2k6MTQ3MDA1MzgxOTtzOjE6ImMiO2k6MTQ3MDA1MzgxOTtzOjE6ImwiO3M6MToiMCI7fXM6NToiZmxhc2giO2E6Mjp7czozOiJvbGQiO2E6MDp7fXM6MzoibmV3IjthOjA6e319fQ==',1470053819),('4764908d116b4912ca502b54f2adf7f57882cdee',451,'127.0.0.1','Mozilla/5.0 (X11; Linux x86_64) AppleWebKit/537.36 (KHTML, like Gecko) Chrome/51.0.2704.106 Safari/537.36','YTo2OntzOjY6Il90b2tlbiI7czo0MDoiRTRMa2E1eE1PMjFLZUgyVHpBSnI5eGExclFndXdPTTR4Y2ZBUkpleSI7czozOiJ1cmwiO2E6MDp7fXM6OToiX3ByZXZpb3VzIjthOjE6e3M6MzoidXJsIjtzOjIxOiJodHRwOi8vYXV0aC91c2Vycy80NTEiO31zOjU6ImZsYXNoIjthOjI6e3M6Mzoib2xkIjthOjA6e31zOjM6Im5ldyI7YTowOnt9fXM6NTA6ImxvZ2luX3dlYl81OWJhMzZhZGRjMmIyZjk0MDE1ODBmMDE0YzdmNThlYTRlMzA5ODlkIjtpOjQ1MTtzOjk6Il9zZjJfbWV0YSI7YTozOntzOjE6InUiO2k6MTQ3MjM5NjA3OTtzOjE6ImMiO2k6MTQ3MjM5NjA3MztzOjE6ImwiO3M6MToiMCI7fX0=',1472396079),('4a721221d41baa4e28ddc877820c0c2cb8511ab8',NULL,'127.0.0.1','Mozilla/5.0 (X11; Linux x86_64) AppleWebKit/537.36 (KHTML, like Gecko) Chrome/51.0.2704.106 Safari/537.36','YTo0OntzOjY6Il90b2tlbiI7czo0MDoiazVMM04yMjQ3R1YzVElNUnNoOUZoSnFOQ0ZFSjRJSm1mVzlCVkFlViI7czo5OiJfcHJldmlvdXMiO2E6MTp7czozOiJ1cmwiO3M6MjE6Imh0dHA6Ly9hdXRoL3VzZXJzLzQ1MSI7fXM6OToiX3NmMl9tZXRhIjthOjM6e3M6MToidSI7aToxNDczMDQ2NDU5O3M6MToiYyI7aToxNDczMDQ2NDU5O3M6MToibCI7czoxOiIwIjt9czo1OiJmbGFzaCI7YToyOntzOjM6Im9sZCI7YTowOnt9czozOiJuZXciO2E6MDp7fX19',1473046459),('741d334677fa1fd699bb2975ab2bec86311b269a',451,'127.0.0.1','Mozilla/5.0 (X11; Linux x86_64) AppleWebKit/537.36 (KHTML, like Gecko) Chrome/54.0.2840.100 Safari/537.36','YTo2OntzOjY6Il90b2tlbiI7czo0MDoiekVxbFNwdXhmeGFuT1lGVTlmT2puczUwRHN4dGZieTEycGJHZ0oxVyI7czozOiJ1cmwiO2E6MDp7fXM6OToiX3ByZXZpb3VzIjthOjE6e3M6MzoidXJsIjtzOjIxOiJodHRwOi8vYXV0aC91c2Vycy80NTEiO31zOjU6ImZsYXNoIjthOjI6e3M6Mzoib2xkIjthOjA6e31zOjM6Im5ldyI7YTowOnt9fXM6NTA6ImxvZ2luX3dlYl81OWJhMzZhZGRjMmIyZjk0MDE1ODBmMDE0YzdmNThlYTRlMzA5ODlkIjtpOjQ1MTtzOjk6Il9zZjJfbWV0YSI7YTozOntzOjE6InUiO2k6MTQ4NjI2NjAwNztzOjE6ImMiO2k6MTQ4NjI2NjAwMjtzOjE6ImwiO3M6MToiMCI7fX0=',1486266007),('81d3386e769848203b0265940adba5d2ab5c4d86',451,'127.0.0.1','Mozilla/5.0 (X11; Linux x86_64) AppleWebKit/537.36 (KHTML, like Gecko) Chrome/51.0.2704.106 Safari/537.36','YTo2OntzOjY6Il90b2tlbiI7czo0MDoib3g5aFhJdktUYXVEcXFxNmJJczZ3THFhbTI0cmc2NW9KQkZhSXhVMyI7czozOiJ1cmwiO2E6MDp7fXM6OToiX3ByZXZpb3VzIjthOjE6e3M6MzoidXJsIjtzOjIxOiJodHRwOi8vYXV0aC91c2Vycy80NjUiO31zOjU6ImZsYXNoIjthOjI6e3M6Mzoib2xkIjthOjA6e31zOjM6Im5ldyI7YTowOnt9fXM6NTA6ImxvZ2luX3dlYl81OWJhMzZhZGRjMmIyZjk0MDE1ODBmMDE0YzdmNThlYTRlMzA5ODlkIjtpOjQ1MTtzOjk6Il9zZjJfbWV0YSI7YTozOntzOjE6InUiO2k6MTQ3MzA0NTI4MTtzOjE6ImMiO2k6MTQ3MzA0NTI0NDtzOjE6ImwiO3M6MToiMCI7fX0=',1473045281),('9cdc4eb6cfd89b951702afeeed076d61e30f63a1',NULL,'127.0.0.1','Mozilla/5.0 (X11; Ubuntu; Linux x86_64; rv:47.0) Gecko/20100101 Firefox/47.0','YTo0OntzOjY6Il90b2tlbiI7czo0MDoiTU9GQXBDTGgyNWZpVWNzWm5QVmVBNFM5WDJNeTR2b1Rva2w1bHU2byI7czo5OiJfcHJldmlvdXMiO2E6MTp7czozOiJ1cmwiO3M6MTc6Imh0dHA6Ly9hdXRoL2xvZ2luIjt9czo5OiJfc2YyX21ldGEiO2E6Mzp7czoxOiJ1IjtpOjE0NzAwNTM4MTk7czoxOiJjIjtpOjE0NzAwNTM4MTk7czoxOiJsIjtzOjE6IjAiO31zOjU6ImZsYXNoIjthOjI6e3M6Mzoib2xkIjthOjA6e31zOjM6Im5ldyI7YTowOnt9fX0=',1470053819),('e0761be1ce7f06822b1c4753a2b0200dd14664ab',451,'127.0.0.1','Mozilla/5.0 (X11; Linux x86_64) AppleWebKit/537.36 (KHTML, like Gecko) Chrome/51.0.2704.106 Safari/537.36','YTo2OntzOjY6Il90b2tlbiI7czo0MDoiSk9QSGRvaTNpT2V3dTEzQ0tkcnU1SjFvdEJxT1RXeDBPRURCeEVmUiI7czo5OiJfcHJldmlvdXMiO2E6MTp7czozOiJ1cmwiO3M6MjY6Imh0dHA6Ly9jbXMucHNtLmxvY2FsL3JvbGVzIjt9czo1OiJmbGFzaCI7YToyOntzOjM6Im9sZCI7YTowOnt9czozOiJuZXciO2E6MDp7fX1zOjM6InVybCI7YTowOnt9czo1MDoibG9naW5fd2ViXzU5YmEzNmFkZGMyYjJmOTQwMTU4MGYwMTRjN2Y1OGVhNGUzMDk4OWQiO2k6NDUxO3M6OToiX3NmMl9tZXRhIjthOjM6e3M6MToidSI7aToxNDcwMDUxODc0O3M6MToiYyI7aToxNDcwMDUwMTI0O3M6MToibCI7czoxOiIwIjt9fQ==',1470051874),('e450bf873c96e679fea15bd91912de4fcfbb4e42',NULL,'127.0.0.1','Mozilla/5.0 (X11; Ubuntu; Linux x86_64; rv:47.0) Gecko/20100101 Firefox/47.0','YTo1OntzOjY6Il90b2tlbiI7czo0MDoiZG10WGVKMWhPZ1ROSm5nY0JtN1JCVXdSS2Y5TUJzNnRTQUFEVE5KWiI7czozOiJ1cmwiO2E6MTp7czo4OiJpbnRlbmRlZCI7czoxNzoiaHR0cDovL2F1dGgvcm9sZXMiO31zOjk6Il9wcmV2aW91cyI7YToxOntzOjM6InVybCI7czoxNzoiaHR0cDovL2F1dGgvbG9naW4iO31zOjU6ImZsYXNoIjthOjI6e3M6Mzoib2xkIjthOjA6e31zOjM6Im5ldyI7YTowOnt9fXM6OToiX3NmMl9tZXRhIjthOjM6e3M6MToidSI7aToxNDcwMDY2MTA1O3M6MToiYyI7aToxNDcwMDY2MDk2O3M6MToibCI7czoxOiIwIjt9fQ==',1470066105),('f08b06a8d8c5248144bd289c25c615609fa8eb01',NULL,'127.0.0.1','Mozilla/5.0 (X11; Linux x86_64) AppleWebKit/537.36 (KHTML, like Gecko) Chrome/51.0.2704.106 Safari/537.36','YTo0OntzOjY6Il90b2tlbiI7czo0MDoiaGh4SEhXOFRTOGxQR09vNUN2WmZaakljcXY1VDJDcXViaGRobnVkNCI7czo5OiJfcHJldmlvdXMiO2E6MTp7czozOiJ1cmwiO3M6MTc6Imh0dHA6Ly9hdXRoL3JvbGVzIjt9czo5OiJfc2YyX21ldGEiO2E6Mzp7czoxOiJ1IjtpOjE0NzMwNDY0NzY7czoxOiJjIjtpOjE0NzMwNDY0NzY7czoxOiJsIjtzOjE6IjAiO31zOjU6ImZsYXNoIjthOjI6e3M6Mzoib2xkIjthOjA6e31zOjM6Im5ldyI7YTowOnt9fX0=',1473046476);
/*!40000 ALTER TABLE `sessions` ENABLE KEYS */;
UNLOCK TABLES;

--
-- Table structure for table `settings`
--

DROP TABLE IF EXISTS `settings`;
/*!40101 SET @saved_cs_client     = @@character_set_client */;
/*!40101 SET character_set_client = utf8 */;
CREATE TABLE `settings` (
  `id` int(11) NOT NULL AUTO_INCREMENT,
  `app_name` varchar(45) DEFAULT NULL,
  `app_logo` varchar(45) DEFAULT NULL,
  `app_footer_name` varchar(145) DEFAULT NULL,
  `created_at` datetime DEFAULT NULL,
  `updated_at` datetime DEFAULT NULL,
  PRIMARY KEY (`id`)
) ENGINE=InnoDB AUTO_INCREMENT=2 DEFAULT CHARSET=latin1;
/*!40101 SET character_set_client = @saved_cs_client */;

--
-- Dumping data for table `settings`
--

LOCK TABLES `settings` WRITE;
/*!40000 ALTER TABLE `settings` DISABLE KEYS */;
INSERT INTO `settings` VALUES (1,'LIBRARY MANAGER',NULL,'Xillion Information Systems (c) 2017 | Custom Name | For support:  7783031','0000-00-00 00:00:00',NULL);
/*!40000 ALTER TABLE `settings` ENABLE KEYS */;
UNLOCK TABLES;

--
-- Table structure for table `supervisors`
--

DROP TABLE IF EXISTS `supervisors`;
/*!40101 SET @saved_cs_client     = @@character_set_client */;
/*!40101 SET character_set_client = utf8 */;
CREATE TABLE `supervisors` (
  `id` int(11) NOT NULL AUTO_INCREMENT,
  `user_id` int(11) DEFAULT NULL,
  `supervisor_id` int(11) DEFAULT NULL,
  `supervisor_name` varchar(45) DEFAULT NULL,
  `supervisor_avatar` varchar(45) DEFAULT NULL,
  `created_at` datetime DEFAULT NULL,
  `updated_at` datetime DEFAULT NULL,
  PRIMARY KEY (`id`)
) ENGINE=MyISAM AUTO_INCREMENT=5 DEFAULT CHARSET=latin1;
/*!40101 SET character_set_client = @saved_cs_client */;

--
-- Dumping data for table `supervisors`
--

LOCK TABLES `supervisors` WRITE;
/*!40000 ALTER TABLE `supervisors` DISABLE KEYS */;
INSERT INTO `supervisors` VALUES (1,451,354,'Abdul Latheef','354.jpg',NULL,NULL),(2,452,354,'Abdul Latheef','354.jpg',NULL,NULL),(3,451,473,'Ibrahim Nasreen','473.jpg',NULL,NULL),(4,452,451,'Mohamed Anil','451.jpg',NULL,NULL);
/*!40000 ALTER TABLE `supervisors` ENABLE KEYS */;
UNLOCK TABLES;

--
-- Table structure for table `users`
--

DROP TABLE IF EXISTS `users`;
/*!40101 SET @saved_cs_client     = @@character_set_client */;
/*!40101 SET character_set_client = utf8 */;
CREATE TABLE `users` (
  `id` int(10) unsigned NOT NULL AUTO_INCREMENT,
  `name` varchar(255) COLLATE utf8_unicode_ci NOT NULL,
  `email` varchar(255) COLLATE utf8_unicode_ci NOT NULL,
  `password` varchar(255) COLLATE utf8_unicode_ci NOT NULL,
  `remember_token` varchar(100) COLLATE utf8_unicode_ci DEFAULT NULL,
  `avatar` varchar(45) COLLATE utf8_unicode_ci DEFAULT NULL,
  `created_at` timestamp NULL DEFAULT NULL,
  `updated_at` timestamp NULL DEFAULT NULL,
  PRIMARY KEY (`id`),
  UNIQUE KEY `users_email_unique` (`email`)
) ENGINE=MyISAM AUTO_INCREMENT=473 DEFAULT CHARSET=utf8 COLLATE=utf8_unicode_ci;
/*!40101 SET character_set_client = @saved_cs_client */;

--
-- Dumping data for table `users`
--

LOCK TABLES `users` WRITE;
/*!40000 ALTER TABLE `users` DISABLE KEYS */;
INSERT INTO `users` VALUES (451,'Mohamed Anil','anil@xillionsolutions.com','$2y$10$lhsZrAdUniDSKxh2ee/N/usxbG6tiJ8gnHkaYj./oK6X2hCNb4krm','6sUm98h8KKf67Lq85Ujn75Rzglq5ejTZI3ZWl2dfzKVqd12GFFRw3oczk6Mr','1469877640.jpg',NULL,'2017-05-22 23:22:41'),(472,'Nishan Fahmy','nishan@villacollege.mv','$2y$10$P84p51kGUhNt4d8Hw2xV9etLRd.n5R8845dmahQtwRxm15WaAdesK',NULL,'placeholder.png','2017-05-23 01:10:25','2017-05-23 01:10:25'),(471,'Azma','azma@villacollege.mv','$2y$10$DNKUOl1Rc.6l2syDZpmnP.b0ZeLJYEfvSJJ6Gv0UvlYEv15dMz7qC',NULL,'placeholder.png','2017-05-23 01:10:11','2017-05-23 01:10:11'),(470,'Ishaq Abdulla','ishaq@villacollege.mv','$2y$10$rMbsVcAxuE9gpcWYMIA8Duu7HCJcpxGH5/2xzhhrhYsy4icWddi8G',NULL,'placeholder.png','2017-05-23 01:09:52','2017-05-23 01:09:52');
/*!40000 ALTER TABLE `users` ENABLE KEYS */;
UNLOCK TABLES;
/*!40103 SET TIME_ZONE=@OLD_TIME_ZONE */;

/*!40101 SET SQL_MODE=@OLD_SQL_MODE */;
/*!40014 SET FOREIGN_KEY_CHECKS=@OLD_FOREIGN_KEY_CHECKS */;
/*!40014 SET UNIQUE_CHECKS=@OLD_UNIQUE_CHECKS */;
/*!40101 SET CHARACTER_SET_CLIENT=@OLD_CHARACTER_SET_CLIENT */;
/*!40101 SET CHARACTER_SET_RESULTS=@OLD_CHARACTER_SET_RESULTS */;
/*!40101 SET COLLATION_CONNECTION=@OLD_COLLATION_CONNECTION */;
/*!40111 SET SQL_NOTES=@OLD_SQL_NOTES */;

-- Dump completed on 2017-05-23 12:39:31
